id,firstname,lastname,email,email2,profession
100,Fernande,Francyne,Fernande.Francyne@yopmail.com,Fernande.Francyne@gmail.com,developer
101,Gisela,Ardeha,Gisela.Ardeha@yopmail.com,Gisela.Ardeha@gmail.com,worker
102,Nonnah,Johanna,Nonnah.Johanna@yopmail.com,Nonnah.Johanna@gmail.com,firefighter
103,Ardenia,Dominy,Ardenia.Dominy@yopmail.com,Ardenia.Dominy@gmail.com,developer
104,Brena,Japeth,Brena.Japeth@yopmail.com,Brena.Japeth@gmail.com,developer
105,Constance,Ochs,Constance.Ochs@yopmail.com,Constance.Ochs@gmail.com,doctor
106,Carlie,Nester,Carlie.Nester@yopmail.com,Carlie.Nester@gmail.com,police officer
107,Roxane,Brandice,Roxane.Brandice@yopmail.com,Roxane.Brandice@gmail.com,doctor
108,Aubrie,Sundin,Aubrie.Sundin@yopmail.com,Aubrie.Sundin@gmail.com,doctor
109,Jordan,Daegal,Jordan.Daegal@yopmail.com,Jordan.Daegal@gmail.com,firefighter
110,Donnie,Juan,Donnie.Juan@yopmail.com,Donnie.Juan@gmail.com,worker
111,Modestia,Publia,Modestia.Publia@yopmail.com,Modestia.Publia@gmail.com,worker
112,Marylou,Raffo,Marylou.Raffo@yopmail.com,Marylou.Raffo@gmail.com,firefighter
113,Paulita,Gwenore,Paulita.Gwenore@yopmail.com,Paulita.Gwenore@gmail.com,developer
114,Amii,Rad,Amii.Rad@yopmail.com,Amii.Rad@gmail.com,police officer
115,Nickie,Goddard,Nickie.Goddard@yopmail.com,Nickie.Goddard@gmail.com,worker
116,Darlleen,Peonir,Darlleen.Peonir@yopmail.com,Darlleen.Peonir@gmail.com,doctor
117,Ekaterina,Shields,Ekaterina.Shields@yopmail.com,Ekaterina.Shields@gmail.com,police officer
118,Ninnetta,Ummersen,Ninnetta.Ummersen@yopmail.com,Ninnetta.Ummersen@gmail.com,doctor
119,Sybille,Elbertina,Sybille.Elbertina@yopmail.com,Sybille.Elbertina@gmail.com,worker
120,Sashenka,Imelida,Sashenka.Imelida@yopmail.com,Sashenka.Imelida@gmail.com,developer
121,Giustina,Huggins,Giustina.Huggins@yopmail.com,Giustina.Huggins@gmail.com,police officer
122,Shirlee,Luhe,Shirlee.Luhe@yopmail.com,Shirlee.Luhe@gmail.com,worker
123,Trixi,Margret,Trixi.Margret@yopmail.com,Trixi.Margret@gmail.com,developer
124,Kalina,Morehouse,Kalina.Morehouse@yopmail.com,Kalina.Morehouse@gmail.com,firefighter
125,Valli,LaRue,Valli.LaRue@yopmail.com,Valli.LaRue@gmail.com,firefighter
126,Valli,Tayib,Valli.Tayib@yopmail.com,Valli.Tayib@gmail.com,developer
127,Binny,Cadmar,Binny.Cadmar@yopmail.com,Binny.Cadmar@gmail.com,worker
128,Dede,Milde,Dede.Milde@yopmail.com,Dede.Milde@gmail.com,doctor
129,Sybille,Lindemann,Sybille.Lindemann@yopmail.com,Sybille.Lindemann@gmail.com,developer
130,Averyl,Keily,Averyl.Keily@yopmail.com,Averyl.Keily@gmail.com,developer
131,Doralynne,Justinn,Doralynne.Justinn@yopmail.com,Doralynne.Justinn@gmail.com,worker
132,Lory,Monaco,Lory.Monaco@yopmail.com,Lory.Monaco@gmail.com,developer
133,Lory,Dorine,Lory.Dorine@yopmail.com,Lory.Dorine@gmail.com,police officer
134,Raina,Smitt,Raina.Smitt@yopmail.com,Raina.Smitt@gmail.com,worker
135,Diena,Cristi,Diena.Cristi@yopmail.com,Diena.Cristi@gmail.com,doctor
136,Gabriellia,Rossner,Gabriellia.Rossner@yopmail.com,Gabriellia.Rossner@gmail.com,firefighter
137,Chrystel,Brunell,Chrystel.Brunell@yopmail.com,Chrystel.Brunell@gmail.com,police officer
138,Clary,Schwejda,Clary.Schwejda@yopmail.com,Clary.Schwejda@gmail.com,worker
139,Orsola,Himelman,Orsola.Himelman@yopmail.com,Orsola.Himelman@gmail.com,police officer
140,Adelle,Breed,Adelle.Breed@yopmail.com,Adelle.Breed@gmail.com,developer
141,Joeann,Ruvolo,Joeann.Ruvolo@yopmail.com,Joeann.Ruvolo@gmail.com,police officer
142,Aigneis,Frendel,Aigneis.Frendel@yopmail.com,Aigneis.Frendel@gmail.com,firefighter
143,Hermione,Regan,Hermione.Regan@yopmail.com,Hermione.Regan@gmail.com,doctor
144,Olivette,Schalles,Olivette.Schalles@yopmail.com,Olivette.Schalles@gmail.com,firefighter
145,Suzette,Holbrook,Suzette.Holbrook@yopmail.com,Suzette.Holbrook@gmail.com,doctor
146,Jacquetta,Leifeste,Jacquetta.Leifeste@yopmail.com,Jacquetta.Leifeste@gmail.com,worker
147,Pearline,Destinee,Pearline.Destinee@yopmail.com,Pearline.Destinee@gmail.com,police officer
148,Tomasina,Kenwood,Tomasina.Kenwood@yopmail.com,Tomasina.Kenwood@gmail.com,firefighter
149,Daphne,Genna,Daphne.Genna@yopmail.com,Daphne.Genna@gmail.com,developer
150,Karena,Tremayne,Karena.Tremayne@yopmail.com,Karena.Tremayne@gmail.com,police officer
151,Inga,Kermit,Inga.Kermit@yopmail.com,Inga.Kermit@gmail.com,worker
152,Hallie,Capello,Hallie.Capello@yopmail.com,Hallie.Capello@gmail.com,worker
153,Emma,Primalia,Emma.Primalia@yopmail.com,Emma.Primalia@gmail.com,firefighter
154,Abbie,Berard,Abbie.Berard@yopmail.com,Abbie.Berard@gmail.com,worker
155,Elise,Camden,Elise.Camden@yopmail.com,Elise.Camden@gmail.com,police officer
156,Mara,Pyle,Mara.Pyle@yopmail.com,Mara.Pyle@gmail.com,developer
157,Stevana,Gabrielli,Stevana.Gabrielli@yopmail.com,Stevana.Gabrielli@gmail.com,worker
158,Kylynn,Harned,Kylynn.Harned@yopmail.com,Kylynn.Harned@gmail.com,worker
159,Lenna,Quent,Lenna.Quent@yopmail.com,Lenna.Quent@gmail.com,worker
160,Roberta,Bearnard,Roberta.Bearnard@yopmail.com,Roberta.Bearnard@gmail.com,police officer
161,Brana,Maples,Brana.Maples@yopmail.com,Brana.Maples@gmail.com,firefighter
162,Basia,Ardra,Basia.Ardra@yopmail.com,Basia.Ardra@gmail.com,developer
163,Nelle,Sikorski,Nelle.Sikorski@yopmail.com,Nelle.Sikorski@gmail.com,police officer
164,Shell,Kinnard,Shell.Kinnard@yopmail.com,Shell.Kinnard@gmail.com,doctor
165,Corene,Merat,Corene.Merat@yopmail.com,Corene.Merat@gmail.com,worker
166,Gavrielle,Colyer,Gavrielle.Colyer@yopmail.com,Gavrielle.Colyer@gmail.com,firefighter
167,Clary,Rubie,Clary.Rubie@yopmail.com,Clary.Rubie@gmail.com,firefighter
168,Carlie,Dannye,Carlie.Dannye@yopmail.com,Carlie.Dannye@gmail.com,firefighter
169,Mildrid,Lipson,Mildrid.Lipson@yopmail.com,Mildrid.Lipson@gmail.com,worker
170,Linet,Neva,Linet.Neva@yopmail.com,Linet.Neva@gmail.com,firefighter
171,Atlanta,Madaih,Atlanta.Madaih@yopmail.com,Atlanta.Madaih@gmail.com,doctor
172,Lyssa,Slifka,Lyssa.Slifka@yopmail.com,Lyssa.Slifka@gmail.com,firefighter
173,Rebeca,Dosia,Rebeca.Dosia@yopmail.com,Rebeca.Dosia@gmail.com,doctor
174,Ardeen,Lory,Ardeen.Lory@yopmail.com,Ardeen.Lory@gmail.com,police officer
175,Marti,Mendez,Marti.Mendez@yopmail.com,Marti.Mendez@gmail.com,police officer
176,Britte,Schalles,Britte.Schalles@yopmail.com,Britte.Schalles@gmail.com,worker
177,Britni,Bethany,Britni.Bethany@yopmail.com,Britni.Bethany@gmail.com,firefighter
178,Theodora,Glenden,Theodora.Glenden@yopmail.com,Theodora.Glenden@gmail.com,firefighter
179,Kenna,Kiersten,Kenna.Kiersten@yopmail.com,Kenna.Kiersten@gmail.com,doctor
180,Vonny,Iiette,Vonny.Iiette@yopmail.com,Vonny.Iiette@gmail.com,police officer
181,Devina,Jotham,Devina.Jotham@yopmail.com,Devina.Jotham@gmail.com,firefighter
182,Jessamyn,Elisha,Jessamyn.Elisha@yopmail.com,Jessamyn.Elisha@gmail.com,doctor
183,Bernardine,Liva,Bernardine.Liva@yopmail.com,Bernardine.Liva@gmail.com,developer
184,Karlee,Schalles,Karlee.Schalles@yopmail.com,Karlee.Schalles@gmail.com,developer
185,Valera,Anestassia,Valera.Anestassia@yopmail.com,Valera.Anestassia@gmail.com,police officer
186,Dorthy,Sikorski,Dorthy.Sikorski@yopmail.com,Dorthy.Sikorski@gmail.com,worker
187,Rosaline,Wadell,Rosaline.Wadell@yopmail.com,Rosaline.Wadell@gmail.com,developer
188,Cyb,Fleeta,Cyb.Fleeta@yopmail.com,Cyb.Fleeta@gmail.com,firefighter
189,Merci,Toor,Merci.Toor@yopmail.com,Merci.Toor@gmail.com,firefighter
190,Augustine,Ophelia,Augustine.Ophelia@yopmail.com,Augustine.Ophelia@gmail.com,developer
191,Aryn,Haymes,Aryn.Haymes@yopmail.com,Aryn.Haymes@gmail.com,firefighter
192,Averyl,Erlandson,Averyl.Erlandson@yopmail.com,Averyl.Erlandson@gmail.com,police officer
193,Consuela,Libna,Consuela.Libna@yopmail.com,Consuela.Libna@gmail.com,doctor
194,Elora,Anestassia,Elora.Anestassia@yopmail.com,Elora.Anestassia@gmail.com,developer
195,Marsiella,Lissi,Marsiella.Lissi@yopmail.com,Marsiella.Lissi@gmail.com,police officer
196,Corina,Tillford,Corina.Tillford@yopmail.com,Corina.Tillford@gmail.com,police officer
197,Beth,Alisia,Beth.Alisia@yopmail.com,Beth.Alisia@gmail.com,developer
198,Roslyn,Jena,Roslyn.Jena@yopmail.com,Roslyn.Jena@gmail.com,developer
199,Nyssa,Izaak,Nyssa.Izaak@yopmail.com,Nyssa.Izaak@gmail.com,firefighter
200,Katharina,Posner,Katharina.Posner@yopmail.com,Katharina.Posner@gmail.com,developer
201,Olwen,Faso,Olwen.Faso@yopmail.com,Olwen.Faso@gmail.com,doctor
202,Regina,Nunci,Regina.Nunci@yopmail.com,Regina.Nunci@gmail.com,worker
203,Edith,Rozanna,Edith.Rozanna@yopmail.com,Edith.Rozanna@gmail.com,developer
204,Tori,Dunkin,Tori.Dunkin@yopmail.com,Tori.Dunkin@gmail.com,worker
205,Mellicent,Lumbard,Mellicent.Lumbard@yopmail.com,Mellicent.Lumbard@gmail.com,police officer
206,Cam,Winnick,Cam.Winnick@yopmail.com,Cam.Winnick@gmail.com,police officer
207,Yvonne,Fillbert,Yvonne.Fillbert@yopmail.com,Yvonne.Fillbert@gmail.com,worker
208,Myriam,Land,Myriam.Land@yopmail.com,Myriam.Land@gmail.com,developer
209,Madalyn,Tayib,Madalyn.Tayib@yopmail.com,Madalyn.Tayib@gmail.com,developer
210,Briney,Zenas,Briney.Zenas@yopmail.com,Briney.Zenas@gmail.com,firefighter
211,Silvana,Desai,Silvana.Desai@yopmail.com,Silvana.Desai@gmail.com,developer
212,Dacia,Tjon,Dacia.Tjon@yopmail.com,Dacia.Tjon@gmail.com,developer
213,Arlena,Wildermuth,Arlena.Wildermuth@yopmail.com,Arlena.Wildermuth@gmail.com,doctor
214,Althea,Thunell,Althea.Thunell@yopmail.com,Althea.Thunell@gmail.com,firefighter
215,Ashlee,Jerald,Ashlee.Jerald@yopmail.com,Ashlee.Jerald@gmail.com,police officer
216,Brandise,Odysseus,Brandise.Odysseus@yopmail.com,Brandise.Odysseus@gmail.com,worker
217,Blondelle,Cecile,Blondelle.Cecile@yopmail.com,Blondelle.Cecile@gmail.com,developer
218,Tierney,Kenwood,Tierney.Kenwood@yopmail.com,Tierney.Kenwood@gmail.com,doctor
219,Di,Chandler,Di.Chandler@yopmail.com,Di.Chandler@gmail.com,doctor
220,Roseline,Boehike,Roseline.Boehike@yopmail.com,Roseline.Boehike@gmail.com,police officer
221,Margette,Jorgan,Margette.Jorgan@yopmail.com,Margette.Jorgan@gmail.com,police officer
222,Yetty,Jenness,Yetty.Jenness@yopmail.com,Yetty.Jenness@gmail.com,developer
223,Brandise,Gale,Brandise.Gale@yopmail.com,Brandise.Gale@gmail.com,police officer
224,Cassondra,Presber,Cassondra.Presber@yopmail.com,Cassondra.Presber@gmail.com,doctor
225,Christal,Damarra,Christal.Damarra@yopmail.com,Christal.Damarra@gmail.com,developer
226,Basia,Albertine,Basia.Albertine@yopmail.com,Basia.Albertine@gmail.com,doctor
227,Eadie,Alcott,Eadie.Alcott@yopmail.com,Eadie.Alcott@gmail.com,police officer
228,Orelia,Borrell,Orelia.Borrell@yopmail.com,Orelia.Borrell@gmail.com,worker
229,Celene,Leary,Celene.Leary@yopmail.com,Celene.Leary@gmail.com,doctor
230,June,Ax,June.Ax@yopmail.com,June.Ax@gmail.com,police officer
231,Mamie,Phyllis,Mamie.Phyllis@yopmail.com,Mamie.Phyllis@gmail.com,firefighter
232,Nickie,Iphlgenia,Nickie.Iphlgenia@yopmail.com,Nickie.Iphlgenia@gmail.com,developer
233,Michaelina,Ferino,Michaelina.Ferino@yopmail.com,Michaelina.Ferino@gmail.com,doctor
234,Binny,Colp,Binny.Colp@yopmail.com,Binny.Colp@gmail.com,police officer
235,Micheline,Norvol,Micheline.Norvol@yopmail.com,Micheline.Norvol@gmail.com,worker
236,Benita,Granoff,Benita.Granoff@yopmail.com,Benita.Granoff@gmail.com,worker
237,Marinna,Adore,Marinna.Adore@yopmail.com,Marinna.Adore@gmail.com,doctor
238,Lauryn,Zachary,Lauryn.Zachary@yopmail.com,Lauryn.Zachary@gmail.com,worker
239,Marti,Havens,Marti.Havens@yopmail.com,Marti.Havens@gmail.com,firefighter
240,Flo,Thornburg,Flo.Thornburg@yopmail.com,Flo.Thornburg@gmail.com,police officer
241,Jolyn,Milde,Jolyn.Milde@yopmail.com,Jolyn.Milde@gmail.com,developer
242,Georgetta,Suzetta,Georgetta.Suzetta@yopmail.com,Georgetta.Suzetta@gmail.com,doctor
243,Gwenneth,Trey,Gwenneth.Trey@yopmail.com,Gwenneth.Trey@gmail.com,worker
244,Gabi,Screens,Gabi.Screens@yopmail.com,Gabi.Screens@gmail.com,police officer
245,Andeee,Blisse,Andeee.Blisse@yopmail.com,Andeee.Blisse@gmail.com,developer
246,Dania,Garrison,Dania.Garrison@yopmail.com,Dania.Garrison@gmail.com,worker
247,Livvyy,Charmine,Livvyy.Charmine@yopmail.com,Livvyy.Charmine@gmail.com,police officer
248,Barbi,Parette,Barbi.Parette@yopmail.com,Barbi.Parette@gmail.com,doctor
249,Dode,Odell,Dode.Odell@yopmail.com,Dode.Odell@gmail.com,worker
250,Orelia,Edee,Orelia.Edee@yopmail.com,Orelia.Edee@gmail.com,developer
251,Glynnis,Reinke,Glynnis.Reinke@yopmail.com,Glynnis.Reinke@gmail.com,doctor
252,Barbara,Clie,Barbara.Clie@yopmail.com,Barbara.Clie@gmail.com,firefighter
253,Chandra,Argus,Chandra.Argus@yopmail.com,Chandra.Argus@gmail.com,police officer
254,Berta,Burnside,Berta.Burnside@yopmail.com,Berta.Burnside@gmail.com,developer
255,Marinna,Goerke,Marinna.Goerke@yopmail.com,Marinna.Goerke@gmail.com,developer
256,Concettina,Orlene,Concettina.Orlene@yopmail.com,Concettina.Orlene@gmail.com,police officer
257,Lilith,Waite,Lilith.Waite@yopmail.com,Lilith.Waite@gmail.com,developer
258,Wynne,Sawtelle,Wynne.Sawtelle@yopmail.com,Wynne.Sawtelle@gmail.com,worker
259,Raquela,Cutlerr,Raquela.Cutlerr@yopmail.com,Raquela.Cutlerr@gmail.com,developer
260,Chandra,Carey,Chandra.Carey@yopmail.com,Chandra.Carey@gmail.com,police officer
261,Ardenia,Lanita,Ardenia.Lanita@yopmail.com,Ardenia.Lanita@gmail.com,police officer
262,Cyb,Dyche,Cyb.Dyche@yopmail.com,Cyb.Dyche@gmail.com,firefighter
263,Monika,Raul,Monika.Raul@yopmail.com,Monika.Raul@gmail.com,developer
264,Rhoda,Connelly,Rhoda.Connelly@yopmail.com,Rhoda.Connelly@gmail.com,worker
265,Gilligan,Autrey,Gilligan.Autrey@yopmail.com,Gilligan.Autrey@gmail.com,doctor
266,Chloris,Toni,Chloris.Toni@yopmail.com,Chloris.Toni@gmail.com,firefighter
267,Blondelle,Japeth,Blondelle.Japeth@yopmail.com,Blondelle.Japeth@gmail.com,firefighter
268,Gilligan,Papageno,Gilligan.Papageno@yopmail.com,Gilligan.Papageno@gmail.com,worker
269,Lyssa,Oneida,Lyssa.Oneida@yopmail.com,Lyssa.Oneida@gmail.com,firefighter
270,Henriette,Saint,Henriette.Saint@yopmail.com,Henriette.Saint@gmail.com,doctor
271,Agathe,Francene,Agathe.Francene@yopmail.com,Agathe.Francene@gmail.com,doctor
272,Anthia,Bashemeth,Anthia.Bashemeth@yopmail.com,Anthia.Bashemeth@gmail.com,firefighter
273,Chickie,Orpah,Chickie.Orpah@yopmail.com,Chickie.Orpah@gmail.com,developer
274,Clary,Pettiford,Clary.Pettiford@yopmail.com,Clary.Pettiford@gmail.com,doctor
275,Maridel,Morrill,Maridel.Morrill@yopmail.com,Maridel.Morrill@gmail.com,doctor
276,Sherrie,Honoria,Sherrie.Honoria@yopmail.com,Sherrie.Honoria@gmail.com,police officer
277,Fernande,Koehler,Fernande.Koehler@yopmail.com,Fernande.Koehler@gmail.com,worker
278,Marika,Emmaline,Marika.Emmaline@yopmail.com,Marika.Emmaline@gmail.com,doctor
279,Drucie,Velick,Drucie.Velick@yopmail.com,Drucie.Velick@gmail.com,police officer
280,Jany,Levey,Jany.Levey@yopmail.com,Jany.Levey@gmail.com,firefighter
281,Maisey,Telfer,Maisey.Telfer@yopmail.com,Maisey.Telfer@gmail.com,worker
282,Sherrie,Goldina,Sherrie.Goldina@yopmail.com,Sherrie.Goldina@gmail.com,developer
283,Tersina,Mike,Tersina.Mike@yopmail.com,Tersina.Mike@gmail.com,worker
284,Ursulina,Rheingold,Ursulina.Rheingold@yopmail.com,Ursulina.Rheingold@gmail.com,firefighter
285,Joceline,Xerxes,Joceline.Xerxes@yopmail.com,Joceline.Xerxes@gmail.com,doctor
286,Mildrid,Ellord,Mildrid.Ellord@yopmail.com,Mildrid.Ellord@gmail.com,police officer
287,Sara-Ann,Lory,Sara-Ann.Lory@yopmail.com,Sara-Ann.Lory@gmail.com,firefighter
288,Georgetta,Tillford,Georgetta.Tillford@yopmail.com,Georgetta.Tillford@gmail.com,developer
289,Kary,Abbot,Kary.Abbot@yopmail.com,Kary.Abbot@gmail.com,doctor
290,Cyndie,Parsaye,Cyndie.Parsaye@yopmail.com,Cyndie.Parsaye@gmail.com,police officer
291,Claudina,Alisia,Claudina.Alisia@yopmail.com,Claudina.Alisia@gmail.com,worker
292,Barbara,Wadell,Barbara.Wadell@yopmail.com,Barbara.Wadell@gmail.com,police officer
293,Gretal,Berriman,Gretal.Berriman@yopmail.com,Gretal.Berriman@gmail.com,worker
294,Olwen,Tamar,Olwen.Tamar@yopmail.com,Olwen.Tamar@gmail.com,worker
295,Winifred,Aaberg,Winifred.Aaberg@yopmail.com,Winifred.Aaberg@gmail.com,doctor
296,Randa,Borrell,Randa.Borrell@yopmail.com,Randa.Borrell@gmail.com,police officer
297,Stacey,Sidonius,Stacey.Sidonius@yopmail.com,Stacey.Sidonius@gmail.com,police officer
298,Jean,Urania,Jean.Urania@yopmail.com,Jean.Urania@gmail.com,firefighter
299,Dulcinea,Merell,Dulcinea.Merell@yopmail.com,Dulcinea.Merell@gmail.com,firefighter
300,Robbi,Schroth,Robbi.Schroth@yopmail.com,Robbi.Schroth@gmail.com,doctor
301,Raina,Jobi,Raina.Jobi@yopmail.com,Raina.Jobi@gmail.com,developer
302,Kary,Capello,Kary.Capello@yopmail.com,Kary.Capello@gmail.com,worker
303,Janis,Reneta,Janis.Reneta@yopmail.com,Janis.Reneta@gmail.com,firefighter
304,Aeriela,Damarra,Aeriela.Damarra@yopmail.com,Aeriela.Damarra@gmail.com,firefighter
305,Darlleen,Weinreb,Darlleen.Weinreb@yopmail.com,Darlleen.Weinreb@gmail.com,developer
306,Heida,Buckler,Heida.Buckler@yopmail.com,Heida.Buckler@gmail.com,doctor
307,Adelle,Raama,Adelle.Raama@yopmail.com,Adelle.Raama@gmail.com,firefighter
308,Brietta,Lory,Brietta.Lory@yopmail.com,Brietta.Lory@gmail.com,developer
309,Annabela,Morehouse,Annabela.Morehouse@yopmail.com,Annabela.Morehouse@gmail.com,worker
310,Cindelyn,Shelba,Cindelyn.Shelba@yopmail.com,Cindelyn.Shelba@gmail.com,firefighter
311,Corene,Dalli,Corene.Dalli@yopmail.com,Corene.Dalli@gmail.com,doctor
312,Linzy,Annice,Linzy.Annice@yopmail.com,Linzy.Annice@gmail.com,doctor
313,Zaria,Pauly,Zaria.Pauly@yopmail.com,Zaria.Pauly@gmail.com,developer
314,Inga,Romelda,Inga.Romelda@yopmail.com,Inga.Romelda@gmail.com,firefighter
315,Penelopa,Malvino,Penelopa.Malvino@yopmail.com,Penelopa.Malvino@gmail.com,worker
316,Clarice,Burnside,Clarice.Burnside@yopmail.com,Clarice.Burnside@gmail.com,developer
317,Rosene,Amand,Rosene.Amand@yopmail.com,Rosene.Amand@gmail.com,developer
318,Perry,Brodench,Perry.Brodench@yopmail.com,Perry.Brodench@gmail.com,firefighter
319,Elsie,Podvin,Elsie.Podvin@yopmail.com,Elsie.Podvin@gmail.com,doctor
320,Emmey,Wenda,Emmey.Wenda@yopmail.com,Emmey.Wenda@gmail.com,doctor
321,Kayla,Timon,Kayla.Timon@yopmail.com,Kayla.Timon@gmail.com,worker
322,Jordan,Sherfield,Jordan.Sherfield@yopmail.com,Jordan.Sherfield@gmail.com,police officer
323,Marinna,Brodench,Marinna.Brodench@yopmail.com,Marinna.Brodench@gmail.com,firefighter
324,Siana,Peonir,Siana.Peonir@yopmail.com,Siana.Peonir@gmail.com,firefighter
325,Melodie,Brotherson,Melodie.Brotherson@yopmail.com,Melodie.Brotherson@gmail.com,developer
326,Alie,Gualtiero,Alie.Gualtiero@yopmail.com,Alie.Gualtiero@gmail.com,doctor
327,Neila,Podvin,Neila.Podvin@yopmail.com,Neila.Podvin@gmail.com,worker
328,Nikki,Tomasina,Nikki.Tomasina@yopmail.com,Nikki.Tomasina@gmail.com,doctor
329,Dulce,Clarissa,Dulce.Clarissa@yopmail.com,Dulce.Clarissa@gmail.com,developer
330,Jorry,Helfand,Jorry.Helfand@yopmail.com,Jorry.Helfand@gmail.com,worker
331,Peri,Diann,Peri.Diann@yopmail.com,Peri.Diann@gmail.com,doctor
332,Ricky,Sikorski,Ricky.Sikorski@yopmail.com,Ricky.Sikorski@gmail.com,doctor
333,Dianemarie,Behre,Dianemarie.Behre@yopmail.com,Dianemarie.Behre@gmail.com,developer
334,Rani,Wooster,Rani.Wooster@yopmail.com,Rani.Wooster@gmail.com,firefighter
335,Natka,Adore,Natka.Adore@yopmail.com,Natka.Adore@gmail.com,developer
336,Caryl,Pettiford,Caryl.Pettiford@yopmail.com,Caryl.Pettiford@gmail.com,police officer
337,Feliza,Bonucci,Feliza.Bonucci@yopmail.com,Feliza.Bonucci@gmail.com,firefighter
338,Ulrike,Loring,Ulrike.Loring@yopmail.com,Ulrike.Loring@gmail.com,police officer
339,Dianemarie,Velick,Dianemarie.Velick@yopmail.com,Dianemarie.Velick@gmail.com,worker
340,Gwenneth,Heisel,Gwenneth.Heisel@yopmail.com,Gwenneth.Heisel@gmail.com,doctor
341,Alex,Anastatius,Alex.Anastatius@yopmail.com,Alex.Anastatius@gmail.com,developer
342,Lynea,Romelda,Lynea.Romelda@yopmail.com,Lynea.Romelda@gmail.com,firefighter
343,Paola,Redmond,Paola.Redmond@yopmail.com,Paola.Redmond@gmail.com,police officer
344,Lulita,Weitman,Lulita.Weitman@yopmail.com,Lulita.Weitman@gmail.com,developer
345,Sibella,Ursulette,Sibella.Ursulette@yopmail.com,Sibella.Ursulette@gmail.com,police officer
346,Lelah,Junie,Lelah.Junie@yopmail.com,Lelah.Junie@gmail.com,developer
347,Ezmeralda,Tannie,Ezmeralda.Tannie@yopmail.com,Ezmeralda.Tannie@gmail.com,police officer
348,Betta,Stanwood,Betta.Stanwood@yopmail.com,Betta.Stanwood@gmail.com,developer
349,Alyssa,Keelia,Alyssa.Keelia@yopmail.com,Alyssa.Keelia@gmail.com,worker
350,Tonia,Aprile,Tonia.Aprile@yopmail.com,Tonia.Aprile@gmail.com,doctor
351,Mildrid,Ellord,Mildrid.Ellord@yopmail.com,Mildrid.Ellord@gmail.com,doctor
352,Sabina,Shields,Sabina.Shields@yopmail.com,Sabina.Shields@gmail.com,developer
353,Starla,Gilbertson,Starla.Gilbertson@yopmail.com,Starla.Gilbertson@gmail.com,developer
354,Lita,Paine,Lita.Paine@yopmail.com,Lita.Paine@gmail.com,police officer
355,Dawn,Himelman,Dawn.Himelman@yopmail.com,Dawn.Himelman@gmail.com,police officer
356,Fanchon,Bonucci,Fanchon.Bonucci@yopmail.com,Fanchon.Bonucci@gmail.com,worker
357,Lacie,Codding,Lacie.Codding@yopmail.com,Lacie.Codding@gmail.com,doctor
358,Albertina,Deny,Albertina.Deny@yopmail.com,Albertina.Deny@gmail.com,developer
359,Zaria,Barrus,Zaria.Barrus@yopmail.com,Zaria.Barrus@gmail.com,developer
360,Darci,Aurelio,Darci.Aurelio@yopmail.com,Darci.Aurelio@gmail.com,police officer
361,Winifred,Braun,Winifred.Braun@yopmail.com,Winifred.Braun@gmail.com,developer
362,Maisey,Modie,Maisey.Modie@yopmail.com,Maisey.Modie@gmail.com,developer
363,Silvana,Garlinda,Silvana.Garlinda@yopmail.com,Silvana.Garlinda@gmail.com,doctor
364,Clo,Newell,Clo.Newell@yopmail.com,Clo.Newell@gmail.com,doctor
365,Aimil,Diann,Aimil.Diann@yopmail.com,Aimil.Diann@gmail.com,police officer
366,Ardenia,Brunell,Ardenia.Brunell@yopmail.com,Ardenia.Brunell@gmail.com,developer
367,Dulce,Bronk,Dulce.Bronk@yopmail.com,Dulce.Bronk@gmail.com,police officer
368,Blinni,Fairweather,Blinni.Fairweather@yopmail.com,Blinni.Fairweather@gmail.com,developer
369,Max,Erminia,Max.Erminia@yopmail.com,Max.Erminia@gmail.com,developer
370,Wanda,Riordan,Wanda.Riordan@yopmail.com,Wanda.Riordan@gmail.com,police officer
371,Kayla,Wenoa,Kayla.Wenoa@yopmail.com,Kayla.Wenoa@gmail.com,firefighter
372,Claudina,Joseph,Claudina.Joseph@yopmail.com,Claudina.Joseph@gmail.com,doctor
373,Malina,Armanda,Malina.Armanda@yopmail.com,Malina.Armanda@gmail.com,worker
374,Sashenka,Zetta,Sashenka.Zetta@yopmail.com,Sashenka.Zetta@gmail.com,firefighter
375,Morganica,Therine,Morganica.Therine@yopmail.com,Morganica.Therine@gmail.com,worker
376,Kore,Toffic,Kore.Toffic@yopmail.com,Kore.Toffic@gmail.com,worker
377,Jany,Cutlerr,Jany.Cutlerr@yopmail.com,Jany.Cutlerr@gmail.com,police officer
378,Lanae,Trinetta,Lanae.Trinetta@yopmail.com,Lanae.Trinetta@gmail.com,developer
379,Ida,Faso,Ida.Faso@yopmail.com,Ida.Faso@gmail.com,developer
380,Justinn,Naor,Justinn.Naor@yopmail.com,Justinn.Naor@gmail.com,developer
381,Sashenka,Vorster,Sashenka.Vorster@yopmail.com,Sashenka.Vorster@gmail.com,firefighter
382,Mallory,Greenwald,Mallory.Greenwald@yopmail.com,Mallory.Greenwald@gmail.com,firefighter
383,Nananne,Mullane,Nananne.Mullane@yopmail.com,Nananne.Mullane@gmail.com,police officer
384,Rozele,Carey,Rozele.Carey@yopmail.com,Rozele.Carey@gmail.com,worker
385,Frances,Noelyn,Frances.Noelyn@yopmail.com,Frances.Noelyn@gmail.com,firefighter
386,Dolli,Lynn,Dolli.Lynn@yopmail.com,Dolli.Lynn@gmail.com,firefighter
387,Claudina,Taam,Claudina.Taam@yopmail.com,Claudina.Taam@gmail.com,worker
388,Livvyy,Orpah,Livvyy.Orpah@yopmail.com,Livvyy.Orpah@gmail.com,doctor
389,Corly,Gabrielli,Corly.Gabrielli@yopmail.com,Corly.Gabrielli@gmail.com,worker
390,Audrie,Janene,Audrie.Janene@yopmail.com,Audrie.Janene@gmail.com,worker
391,Aeriela,Valerio,Aeriela.Valerio@yopmail.com,Aeriela.Valerio@gmail.com,police officer
392,Fernande,Nerita,Fernande.Nerita@yopmail.com,Fernande.Nerita@gmail.com,worker
393,Siana,McClimans,Siana.McClimans@yopmail.com,Siana.McClimans@gmail.com,worker
394,Lory,Chandler,Lory.Chandler@yopmail.com,Lory.Chandler@gmail.com,developer
395,Rosene,Nicoline,Rosene.Nicoline@yopmail.com,Rosene.Nicoline@gmail.com,developer
396,Fina,Soneson,Fina.Soneson@yopmail.com,Fina.Soneson@gmail.com,worker
397,Kial,Hunfredo,Kial.Hunfredo@yopmail.com,Kial.Hunfredo@gmail.com,police officer
398,Kittie,Nisbet,Kittie.Nisbet@yopmail.com,Kittie.Nisbet@gmail.com,firefighter
399,Jany,Dulciana,Jany.Dulciana@yopmail.com,Jany.Dulciana@gmail.com,developer
400,Cordi,Karna,Cordi.Karna@yopmail.com,Cordi.Karna@gmail.com,firefighter
401,Marti,Pip,Marti.Pip@yopmail.com,Marti.Pip@gmail.com,worker
402,Susette,Estella,Susette.Estella@yopmail.com,Susette.Estella@gmail.com,developer
403,Albertina,Boycey,Albertina.Boycey@yopmail.com,Albertina.Boycey@gmail.com,police officer
404,Karolina,Jethro,Karolina.Jethro@yopmail.com,Karolina.Jethro@gmail.com,doctor
405,Neila,Bakerman,Neila.Bakerman@yopmail.com,Neila.Bakerman@gmail.com,firefighter
406,Lorne,Imelida,Lorne.Imelida@yopmail.com,Lorne.Imelida@gmail.com,developer
407,Kimmy,Christal,Kimmy.Christal@yopmail.com,Kimmy.Christal@gmail.com,worker
408,Bobbi,Nisbet,Bobbi.Nisbet@yopmail.com,Bobbi.Nisbet@gmail.com,doctor
409,Marylou,Oscar,Marylou.Oscar@yopmail.com,Marylou.Oscar@gmail.com,firefighter
410,Laurene,Mozelle,Laurene.Mozelle@yopmail.com,Laurene.Mozelle@gmail.com,developer
411,Kimmy,Montgomery,Kimmy.Montgomery@yopmail.com,Kimmy.Montgomery@gmail.com,doctor
412,Kalina,Birdella,Kalina.Birdella@yopmail.com,Kalina.Birdella@gmail.com,worker
413,Glynnis,Leopold,Glynnis.Leopold@yopmail.com,Glynnis.Leopold@gmail.com,doctor
414,Louella,Sidonius,Louella.Sidonius@yopmail.com,Louella.Sidonius@gmail.com,developer
415,Ezmeralda,Edee,Ezmeralda.Edee@yopmail.com,Ezmeralda.Edee@gmail.com,firefighter
416,Ekaterina,Hollingsworth,Ekaterina.Hollingsworth@yopmail.com,Ekaterina.Hollingsworth@gmail.com,police officer
417,Lila,Harday,Lila.Harday@yopmail.com,Lila.Harday@gmail.com,developer
418,Carly,Peonir,Carly.Peonir@yopmail.com,Carly.Peonir@gmail.com,firefighter
419,Kara-Lynn,Killigrew,Kara-Lynn.Killigrew@yopmail.com,Kara-Lynn.Killigrew@gmail.com,doctor
420,Caryl,Germann,Caryl.Germann@yopmail.com,Caryl.Germann@gmail.com,developer
421,Lacie,Gale,Lacie.Gale@yopmail.com,Lacie.Gale@gmail.com,police officer
422,Orsola,Roumell,Orsola.Roumell@yopmail.com,Orsola.Roumell@gmail.com,worker
423,Atlanta,Parsaye,Atlanta.Parsaye@yopmail.com,Atlanta.Parsaye@gmail.com,worker
424,Lucille,Quinn,Lucille.Quinn@yopmail.com,Lucille.Quinn@gmail.com,doctor
425,Modestia,Muriel,Modestia.Muriel@yopmail.com,Modestia.Muriel@gmail.com,police officer
426,Fredericka,Jenness,Fredericka.Jenness@yopmail.com,Fredericka.Jenness@gmail.com,worker
427,Karena,Izaak,Karena.Izaak@yopmail.com,Karena.Izaak@gmail.com,police officer
428,Linzy,Fancie,Linzy.Fancie@yopmail.com,Linzy.Fancie@gmail.com,firefighter
429,Hayley,Bohlin,Hayley.Bohlin@yopmail.com,Hayley.Bohlin@gmail.com,doctor
430,Dania,Deny,Dania.Deny@yopmail.com,Dania.Deny@gmail.com,developer
431,Lulita,Orlene,Lulita.Orlene@yopmail.com,Lulita.Orlene@gmail.com,worker
432,Selma,Chaing,Selma.Chaing@yopmail.com,Selma.Chaing@gmail.com,police officer
433,Lynnea,Maroney,Lynnea.Maroney@yopmail.com,Lynnea.Maroney@gmail.com,doctor
434,Dennie,Cleavland,Dennie.Cleavland@yopmail.com,Dennie.Cleavland@gmail.com,developer
435,Jean,Markman,Jean.Markman@yopmail.com,Jean.Markman@gmail.com,police officer
436,Justinn,Lalitta,Justinn.Lalitta@yopmail.com,Justinn.Lalitta@gmail.com,doctor
437,Dania,Mauer,Dania.Mauer@yopmail.com,Dania.Mauer@gmail.com,doctor
438,Millie,Maisey,Millie.Maisey@yopmail.com,Millie.Maisey@gmail.com,firefighter
439,Harmonia,Valoniah,Harmonia.Valoniah@yopmail.com,Harmonia.Valoniah@gmail.com,police officer
440,Arlena,Letsou,Arlena.Letsou@yopmail.com,Arlena.Letsou@gmail.com,developer
441,Joelly,Mich,Joelly.Mich@yopmail.com,Joelly.Mich@gmail.com,doctor
442,Arlina,Corrine,Arlina.Corrine@yopmail.com,Arlina.Corrine@gmail.com,worker
443,Katuscha,Kiyoshi,Katuscha.Kiyoshi@yopmail.com,Katuscha.Kiyoshi@gmail.com,worker
444,Etta,Louanna,Etta.Louanna@yopmail.com,Etta.Louanna@gmail.com,firefighter
445,Bee,Tristram,Bee.Tristram@yopmail.com,Bee.Tristram@gmail.com,police officer
446,Margette,Miru,Margette.Miru@yopmail.com,Margette.Miru@gmail.com,police officer
447,Lynde,Bryna,Lynde.Bryna@yopmail.com,Lynde.Bryna@gmail.com,police officer
448,Myrtice,Anestassia,Myrtice.Anestassia@yopmail.com,Myrtice.Anestassia@gmail.com,developer
449,Jany,Redmond,Jany.Redmond@yopmail.com,Jany.Redmond@gmail.com,worker
450,Brandise,Eliathas,Brandise.Eliathas@yopmail.com,Brandise.Eliathas@gmail.com,doctor
451,Louella,Danby,Louella.Danby@yopmail.com,Louella.Danby@gmail.com,firefighter
452,Lucille,Milde,Lucille.Milde@yopmail.com,Lucille.Milde@gmail.com,doctor
453,Briney,Norrie,Briney.Norrie@yopmail.com,Briney.Norrie@gmail.com,worker
454,Christy,Claudine,Christy.Claudine@yopmail.com,Christy.Claudine@gmail.com,doctor
455,Halette,Waite,Halette.Waite@yopmail.com,Halette.Waite@gmail.com,worker
456,Christy,Vastah,Christy.Vastah@yopmail.com,Christy.Vastah@gmail.com,police officer
457,Sue,Laurianne,Sue.Laurianne@yopmail.com,Sue.Laurianne@gmail.com,doctor
458,Marti,Iphlgenia,Marti.Iphlgenia@yopmail.com,Marti.Iphlgenia@gmail.com,firefighter
459,Cam,Hurley,Cam.Hurley@yopmail.com,Cam.Hurley@gmail.com,worker
460,Lacie,Shields,Lacie.Shields@yopmail.com,Lacie.Shields@gmail.com,doctor
461,Cyb,Germann,Cyb.Germann@yopmail.com,Cyb.Germann@gmail.com,doctor
462,Eve,Horan,Eve.Horan@yopmail.com,Eve.Horan@gmail.com,police officer
463,Feliza,Chaing,Feliza.Chaing@yopmail.com,Feliza.Chaing@gmail.com,worker
464,Iseabal,Constancy,Iseabal.Constancy@yopmail.com,Iseabal.Constancy@gmail.com,developer
465,Katuscha,Belldas,Katuscha.Belldas@yopmail.com,Katuscha.Belldas@gmail.com,doctor
466,Melodie,Hanleigh,Melodie.Hanleigh@yopmail.com,Melodie.Hanleigh@gmail.com,developer
467,Renie,Clarissa,Renie.Clarissa@yopmail.com,Renie.Clarissa@gmail.com,doctor
468,Winifred,Halsey,Winifred.Halsey@yopmail.com,Winifred.Halsey@gmail.com,developer
469,Orsola,Edee,Orsola.Edee@yopmail.com,Orsola.Edee@gmail.com,doctor
470,Barbi,Rubie,Barbi.Rubie@yopmail.com,Barbi.Rubie@gmail.com,police officer
471,Babita,Melleta,Babita.Melleta@yopmail.com,Babita.Melleta@gmail.com,police officer
472,Barbara,Jerald,Barbara.Jerald@yopmail.com,Barbara.Jerald@gmail.com,police officer
473,Tani,Valoniah,Tani.Valoniah@yopmail.com,Tani.Valoniah@gmail.com,firefighter
474,Neila,Kronfeld,Neila.Kronfeld@yopmail.com,Neila.Kronfeld@gmail.com,developer
475,Sashenka,Secrest,Sashenka.Secrest@yopmail.com,Sashenka.Secrest@gmail.com,firefighter
476,Vinita,Nahum,Vinita.Nahum@yopmail.com,Vinita.Nahum@gmail.com,police officer
477,Penelopa,Damarra,Penelopa.Damarra@yopmail.com,Penelopa.Damarra@gmail.com,developer
478,Karly,Seumas,Karly.Seumas@yopmail.com,Karly.Seumas@gmail.com,firefighter
479,Dorothy,Ivens,Dorothy.Ivens@yopmail.com,Dorothy.Ivens@gmail.com,worker
480,Brietta,Gemini,Brietta.Gemini@yopmail.com,Brietta.Gemini@gmail.com,worker
481,Beatriz,Cordi,Beatriz.Cordi@yopmail.com,Beatriz.Cordi@gmail.com,doctor
482,Moyna,Philoo,Moyna.Philoo@yopmail.com,Moyna.Philoo@gmail.com,firefighter
483,Siana,Suk,Siana.Suk@yopmail.com,Siana.Suk@gmail.com,doctor
484,Kore,Morehouse,Kore.Morehouse@yopmail.com,Kore.Morehouse@gmail.com,developer
485,Wileen,LaRue,Wileen.LaRue@yopmail.com,Wileen.LaRue@gmail.com,developer
486,Jenda,Jobi,Jenda.Jobi@yopmail.com,Jenda.Jobi@gmail.com,police officer
487,Sadie,Audly,Sadie.Audly@yopmail.com,Sadie.Audly@gmail.com,doctor
488,Meriel,Garrison,Meriel.Garrison@yopmail.com,Meriel.Garrison@gmail.com,police officer
489,Johna,Whiffen,Johna.Whiffen@yopmail.com,Johna.Whiffen@gmail.com,worker
490,Shauna,Amadas,Shauna.Amadas@yopmail.com,Shauna.Amadas@gmail.com,doctor
491,Evaleen,Vacuva,Evaleen.Vacuva@yopmail.com,Evaleen.Vacuva@gmail.com,developer
492,Madalyn,Rosette,Madalyn.Rosette@yopmail.com,Madalyn.Rosette@gmail.com,worker
493,Zaria,Corabella,Zaria.Corabella@yopmail.com,Zaria.Corabella@gmail.com,developer
494,Emmey,Armanda,Emmey.Armanda@yopmail.com,Emmey.Armanda@gmail.com,firefighter
495,Tilly,Madaih,Tilly.Madaih@yopmail.com,Tilly.Madaih@gmail.com,worker
496,Linzy,Raychel,Linzy.Raychel@yopmail.com,Linzy.Raychel@gmail.com,worker
497,Stacey,Buffum,Stacey.Buffum@yopmail.com,Stacey.Buffum@gmail.com,firefighter
498,Vanessa,Keelia,Vanessa.Keelia@yopmail.com,Vanessa.Keelia@gmail.com,police officer
499,Lesly,Ciro,Lesly.Ciro@yopmail.com,Lesly.Ciro@gmail.com,firefighter
500,Therine,Chrystel,Therine.Chrystel@yopmail.com,Therine.Chrystel@gmail.com,firefighter
501,Ermengarde,Plato,Ermengarde.Plato@yopmail.com,Ermengarde.Plato@gmail.com,worker
502,Jaime,Mich,Jaime.Mich@yopmail.com,Jaime.Mich@gmail.com,doctor
503,Charlena,Brotherson,Charlena.Brotherson@yopmail.com,Charlena.Brotherson@gmail.com,worker
504,Britte,Lilybelle,Britte.Lilybelle@yopmail.com,Britte.Lilybelle@gmail.com,police officer
505,Chloris,Clywd,Chloris.Clywd@yopmail.com,Chloris.Clywd@gmail.com,worker
506,Correy,Mike,Correy.Mike@yopmail.com,Correy.Mike@gmail.com,worker
507,Nadine,Magdalen,Nadine.Magdalen@yopmail.com,Nadine.Magdalen@gmail.com,firefighter
508,Gui,Brittani,Gui.Brittani@yopmail.com,Gui.Brittani@gmail.com,police officer
509,Lory,Jarib,Lory.Jarib@yopmail.com,Lory.Jarib@gmail.com,developer
510,Deloria,Winnick,Deloria.Winnick@yopmail.com,Deloria.Winnick@gmail.com,doctor
511,Ann-Marie,Edee,Ann-Marie.Edee@yopmail.com,Ann-Marie.Edee@gmail.com,doctor
512,Kaia,Zaslow,Kaia.Zaslow@yopmail.com,Kaia.Zaslow@gmail.com,firefighter
513,Angelique,Septima,Angelique.Septima@yopmail.com,Angelique.Septima@gmail.com,worker
514,Joane,Schonfeld,Joane.Schonfeld@yopmail.com,Joane.Schonfeld@gmail.com,developer
515,Elise,Donell,Elise.Donell@yopmail.com,Elise.Donell@gmail.com,police officer
516,Mara,Sammons,Mara.Sammons@yopmail.com,Mara.Sammons@gmail.com,worker
517,Luci,Cath,Luci.Cath@yopmail.com,Luci.Cath@gmail.com,police officer
518,Rubie,Dex,Rubie.Dex@yopmail.com,Rubie.Dex@gmail.com,developer
519,Valeda,Weitman,Valeda.Weitman@yopmail.com,Valeda.Weitman@gmail.com,doctor
520,Desirae,Christal,Desirae.Christal@yopmail.com,Desirae.Christal@gmail.com,police officer
521,Kristina,Blase,Kristina.Blase@yopmail.com,Kristina.Blase@gmail.com,firefighter
522,Iseabal,Kat,Iseabal.Kat@yopmail.com,Iseabal.Kat@gmail.com,worker
523,Wynne,Artie,Wynne.Artie@yopmail.com,Wynne.Artie@gmail.com,firefighter
524,Gratia,Korey,Gratia.Korey@yopmail.com,Gratia.Korey@gmail.com,developer
525,Maud,Friede,Maud.Friede@yopmail.com,Maud.Friede@gmail.com,police officer
526,Kara-Lynn,Baudin,Kara-Lynn.Baudin@yopmail.com,Kara-Lynn.Baudin@gmail.com,developer
527,Nickie,Christine,Nickie.Christine@yopmail.com,Nickie.Christine@gmail.com,police officer
528,Celestyna,Vale,Celestyna.Vale@yopmail.com,Celestyna.Vale@gmail.com,worker
529,Fawne,Drus,Fawne.Drus@yopmail.com,Fawne.Drus@gmail.com,developer
530,Corly,Candy,Corly.Candy@yopmail.com,Corly.Candy@gmail.com,developer
531,Mallory,Poll,Mallory.Poll@yopmail.com,Mallory.Poll@gmail.com,worker
532,Orelia,Chem,Orelia.Chem@yopmail.com,Orelia.Chem@gmail.com,doctor
533,Amelia,Cleavland,Amelia.Cleavland@yopmail.com,Amelia.Cleavland@gmail.com,firefighter
534,Bibby,Bow,Bibby.Bow@yopmail.com,Bibby.Bow@gmail.com,firefighter
535,Vivia,Iphlgenia,Vivia.Iphlgenia@yopmail.com,Vivia.Iphlgenia@gmail.com,worker
536,Jolyn,Kathie,Jolyn.Kathie@yopmail.com,Jolyn.Kathie@gmail.com,developer
537,Pearline,Corrine,Pearline.Corrine@yopmail.com,Pearline.Corrine@gmail.com,worker
538,Glenda,Mike,Glenda.Mike@yopmail.com,Glenda.Mike@gmail.com,developer
539,Mamie,Weaks,Mamie.Weaks@yopmail.com,Mamie.Weaks@gmail.com,firefighter
540,Flory,Marcellus,Flory.Marcellus@yopmail.com,Flory.Marcellus@gmail.com,police officer
541,Jorry,Alva,Jorry.Alva@yopmail.com,Jorry.Alva@gmail.com,doctor
542,Layla,Behre,Layla.Behre@yopmail.com,Layla.Behre@gmail.com,police officer
543,Elfreda,August,Elfreda.August@yopmail.com,Elfreda.August@gmail.com,police officer
544,Lorne,Soneson,Lorne.Soneson@yopmail.com,Lorne.Soneson@gmail.com,firefighter
545,Karly,Kolnick,Karly.Kolnick@yopmail.com,Karly.Kolnick@gmail.com,doctor
546,Ellette,Latini,Ellette.Latini@yopmail.com,Ellette.Latini@gmail.com,police officer
547,Carly,Suk,Carly.Suk@yopmail.com,Carly.Suk@gmail.com,worker
548,Yvonne,Briney,Yvonne.Briney@yopmail.com,Yvonne.Briney@gmail.com,worker
549,Sherrie,Ilka,Sherrie.Ilka@yopmail.com,Sherrie.Ilka@gmail.com,police officer
550,Desirae,Kamaria,Desirae.Kamaria@yopmail.com,Desirae.Kamaria@gmail.com,worker
551,Jeanna,Maroney,Jeanna.Maroney@yopmail.com,Jeanna.Maroney@gmail.com,doctor
552,Charissa,Soneson,Charissa.Soneson@yopmail.com,Charissa.Soneson@gmail.com,worker
553,Leanna,Amadas,Leanna.Amadas@yopmail.com,Leanna.Amadas@gmail.com,developer
554,Laure,Desai,Laure.Desai@yopmail.com,Laure.Desai@gmail.com,firefighter
555,Reeba,Revkah,Reeba.Revkah@yopmail.com,Reeba.Revkah@gmail.com,developer
556,Ida,Jaylene,Ida.Jaylene@yopmail.com,Ida.Jaylene@gmail.com,developer
557,Betta,Amadas,Betta.Amadas@yopmail.com,Betta.Amadas@gmail.com,police officer
558,Tiffie,Swigart,Tiffie.Swigart@yopmail.com,Tiffie.Swigart@gmail.com,worker
559,Monika,Gunn,Monika.Gunn@yopmail.com,Monika.Gunn@gmail.com,developer
560,Lanna,Bohlin,Lanna.Bohlin@yopmail.com,Lanna.Bohlin@gmail.com,police officer
561,Malina,Callista,Malina.Callista@yopmail.com,Malina.Callista@gmail.com,developer
562,Donetta,Bennie,Donetta.Bennie@yopmail.com,Donetta.Bennie@gmail.com,developer
563,Sam,Uund,Sam.Uund@yopmail.com,Sam.Uund@gmail.com,police officer
564,Sharlene,Ackerley,Sharlene.Ackerley@yopmail.com,Sharlene.Ackerley@gmail.com,worker
565,Marinna,Nea,Marinna.Nea@yopmail.com,Marinna.Nea@gmail.com,worker
566,Netty,Morrill,Netty.Morrill@yopmail.com,Netty.Morrill@gmail.com,firefighter
567,Kristan,Chem,Kristan.Chem@yopmail.com,Kristan.Chem@gmail.com,firefighter
568,Jsandye,Muriel,Jsandye.Muriel@yopmail.com,Jsandye.Muriel@gmail.com,doctor
569,Sadie,Syd,Sadie.Syd@yopmail.com,Sadie.Syd@gmail.com,police officer
570,Netty,Cherianne,Netty.Cherianne@yopmail.com,Netty.Cherianne@gmail.com,police officer
571,Janeczka,Cynar,Janeczka.Cynar@yopmail.com,Janeczka.Cynar@gmail.com,doctor
572,Tarra,Honoria,Tarra.Honoria@yopmail.com,Tarra.Honoria@gmail.com,developer
573,Corina,Roumell,Corina.Roumell@yopmail.com,Corina.Roumell@gmail.com,worker
574,Therine,Avi,Therine.Avi@yopmail.com,Therine.Avi@gmail.com,police officer
575,Jorry,Liebermann,Jorry.Liebermann@yopmail.com,Jorry.Liebermann@gmail.com,police officer
576,Fanchon,Thema,Fanchon.Thema@yopmail.com,Fanchon.Thema@gmail.com,developer
577,Aaren,Faria,Aaren.Faria@yopmail.com,Aaren.Faria@gmail.com,worker
578,Alyda,Minetta,Alyda.Minetta@yopmail.com,Alyda.Minetta@gmail.com,doctor
579,Corry,Raimondo,Corry.Raimondo@yopmail.com,Corry.Raimondo@gmail.com,developer
580,Taffy,Etom,Taffy.Etom@yopmail.com,Taffy.Etom@gmail.com,doctor
581,Priscilla,Wesle,Priscilla.Wesle@yopmail.com,Priscilla.Wesle@gmail.com,worker
582,Beatriz,Ailyn,Beatriz.Ailyn@yopmail.com,Beatriz.Ailyn@gmail.com,worker
583,Fayre,Ovid,Fayre.Ovid@yopmail.com,Fayre.Ovid@gmail.com,worker
584,Augustine,Leary,Augustine.Leary@yopmail.com,Augustine.Leary@gmail.com,developer
585,Heida,Lipson,Heida.Lipson@yopmail.com,Heida.Lipson@gmail.com,worker
586,Berget,McClimans,Berget.McClimans@yopmail.com,Berget.McClimans@gmail.com,police officer
587,Rebeca,Mintz,Rebeca.Mintz@yopmail.com,Rebeca.Mintz@gmail.com,doctor
588,Lorie,O'Rourke,Lorie.O'Rourke@yopmail.com,Lorie.O'Rourke@gmail.com,firefighter
589,Cecile,Evangelia,Cecile.Evangelia@yopmail.com,Cecile.Evangelia@gmail.com,doctor
590,Ronna,Bronk,Ronna.Bronk@yopmail.com,Ronna.Bronk@gmail.com,worker
591,Audrie,Merriott,Audrie.Merriott@yopmail.com,Audrie.Merriott@gmail.com,worker
592,Agathe,Lacombe,Agathe.Lacombe@yopmail.com,Agathe.Lacombe@gmail.com,worker
593,Almeta,Thar,Almeta.Thar@yopmail.com,Almeta.Thar@gmail.com,worker
594,Norine,Mandler,Norine.Mandler@yopmail.com,Norine.Mandler@gmail.com,developer
595,June,Anselmi,June.Anselmi@yopmail.com,June.Anselmi@gmail.com,police officer
596,Millie,Shields,Millie.Shields@yopmail.com,Millie.Shields@gmail.com,doctor
597,Tami,Maryanne,Tami.Maryanne@yopmail.com,Tami.Maryanne@gmail.com,doctor
598,Tera,Bach,Tera.Bach@yopmail.com,Tera.Bach@gmail.com,police officer
599,Elsie,Pond,Elsie.Pond@yopmail.com,Elsie.Pond@gmail.com,police officer
600,Halette,Santoro,Halette.Santoro@yopmail.com,Halette.Santoro@gmail.com,worker
601,Elise,Carbo,Elise.Carbo@yopmail.com,Elise.Carbo@gmail.com,police officer
602,Giustina,Boehike,Giustina.Boehike@yopmail.com,Giustina.Boehike@gmail.com,developer
603,Fanny,Arvo,Fanny.Arvo@yopmail.com,Fanny.Arvo@gmail.com,developer
604,Di,Catie,Di.Catie@yopmail.com,Di.Catie@gmail.com,police officer
605,Daphne,Esmaria,Daphne.Esmaria@yopmail.com,Daphne.Esmaria@gmail.com,worker
606,Mamie,Bohlin,Mamie.Bohlin@yopmail.com,Mamie.Bohlin@gmail.com,developer
607,Ginnie,Gale,Ginnie.Gale@yopmail.com,Ginnie.Gale@gmail.com,firefighter
608,Bobinette,Gamaliel,Bobinette.Gamaliel@yopmail.com,Bobinette.Gamaliel@gmail.com,firefighter
609,Agnese,Whiffen,Agnese.Whiffen@yopmail.com,Agnese.Whiffen@gmail.com,doctor
610,Cam,Reidar,Cam.Reidar@yopmail.com,Cam.Reidar@gmail.com,doctor
611,Mallory,Noam,Mallory.Noam@yopmail.com,Mallory.Noam@gmail.com,firefighter
612,Carmela,Minetta,Carmela.Minetta@yopmail.com,Carmela.Minetta@gmail.com,doctor
613,Mallory,Pulsifer,Mallory.Pulsifer@yopmail.com,Mallory.Pulsifer@gmail.com,doctor
614,Helsa,Ball,Helsa.Ball@yopmail.com,Helsa.Ball@gmail.com,police officer
615,Tomasina,Meter,Tomasina.Meter@yopmail.com,Tomasina.Meter@gmail.com,developer
616,Shell,Malanie,Shell.Malanie@yopmail.com,Shell.Malanie@gmail.com,doctor
617,Blake,Georas,Blake.Georas@yopmail.com,Blake.Georas@gmail.com,police officer
618,Lorne,Kimmie,Lorne.Kimmie@yopmail.com,Lorne.Kimmie@gmail.com,police officer
619,Jacenta,Elbertina,Jacenta.Elbertina@yopmail.com,Jacenta.Elbertina@gmail.com,firefighter
620,Nariko,Bobbee,Nariko.Bobbee@yopmail.com,Nariko.Bobbee@gmail.com,firefighter
621,Heddie,Bakerman,Heddie.Bakerman@yopmail.com,Heddie.Bakerman@gmail.com,developer
622,Beatriz,Anderea,Beatriz.Anderea@yopmail.com,Beatriz.Anderea@gmail.com,doctor
623,Darci,Madelene,Darci.Madelene@yopmail.com,Darci.Madelene@gmail.com,doctor
624,Drucie,Pettiford,Drucie.Pettiford@yopmail.com,Drucie.Pettiford@gmail.com,police officer
625,Margarette,Lesley,Margarette.Lesley@yopmail.com,Margarette.Lesley@gmail.com,doctor
626,Marika,Saree,Marika.Saree@yopmail.com,Marika.Saree@gmail.com,developer
627,Adriana,Louanna,Adriana.Louanna@yopmail.com,Adriana.Louanna@gmail.com,developer
628,Pearline,Fontana,Pearline.Fontana@yopmail.com,Pearline.Fontana@gmail.com,worker
629,Augustine,Millda,Augustine.Millda@yopmail.com,Augustine.Millda@gmail.com,firefighter
630,Eolanda,Helve,Eolanda.Helve@yopmail.com,Eolanda.Helve@gmail.com,firefighter
631,Yolane,Bennie,Yolane.Bennie@yopmail.com,Yolane.Bennie@gmail.com,worker
632,Perry,Klemperer,Perry.Klemperer@yopmail.com,Perry.Klemperer@gmail.com,doctor
633,Jaclyn,Borrell,Jaclyn.Borrell@yopmail.com,Jaclyn.Borrell@gmail.com,developer
634,Elora,Dichy,Elora.Dichy@yopmail.com,Elora.Dichy@gmail.com,firefighter
635,Jean,Keily,Jean.Keily@yopmail.com,Jean.Keily@gmail.com,doctor
636,Kalina,Stover,Kalina.Stover@yopmail.com,Kalina.Stover@gmail.com,police officer
637,Meghann,Ardra,Meghann.Ardra@yopmail.com,Meghann.Ardra@gmail.com,developer
638,Johna,Pernick,Johna.Pernick@yopmail.com,Johna.Pernick@gmail.com,doctor
639,Lolita,Deegan,Lolita.Deegan@yopmail.com,Lolita.Deegan@gmail.com,police officer
640,Marguerite,Scammon,Marguerite.Scammon@yopmail.com,Marguerite.Scammon@gmail.com,developer
641,Elise,Margret,Elise.Margret@yopmail.com,Elise.Margret@gmail.com,firefighter
642,Alia,Nedrud,Alia.Nedrud@yopmail.com,Alia.Nedrud@gmail.com,firefighter
643,Aili,Milde,Aili.Milde@yopmail.com,Aili.Milde@gmail.com,developer
644,Agathe,Crudden,Agathe.Crudden@yopmail.com,Agathe.Crudden@gmail.com,developer
645,Violet,Seumas,Violet.Seumas@yopmail.com,Violet.Seumas@gmail.com,firefighter
646,Latisha,Jalbert,Latisha.Jalbert@yopmail.com,Latisha.Jalbert@gmail.com,developer
647,Celene,Sandye,Celene.Sandye@yopmail.com,Celene.Sandye@gmail.com,doctor
648,Ricky,Medrek,Ricky.Medrek@yopmail.com,Ricky.Medrek@gmail.com,firefighter
649,Therine,Barney,Therine.Barney@yopmail.com,Therine.Barney@gmail.com,developer
650,Clementine,Chesna,Clementine.Chesna@yopmail.com,Clementine.Chesna@gmail.com,police officer
651,Claudina,Bartlett,Claudina.Bartlett@yopmail.com,Claudina.Bartlett@gmail.com,developer
652,Minda,Lamoree,Minda.Lamoree@yopmail.com,Minda.Lamoree@gmail.com,worker
653,Petronia,Jerold,Petronia.Jerold@yopmail.com,Petronia.Jerold@gmail.com,developer
654,Jeanna,Goode,Jeanna.Goode@yopmail.com,Jeanna.Goode@gmail.com,firefighter
655,Willetta,Clara,Willetta.Clara@yopmail.com,Willetta.Clara@gmail.com,firefighter
656,Konstance,Katrine,Konstance.Katrine@yopmail.com,Konstance.Katrine@gmail.com,worker
657,Beverley,Charmine,Beverley.Charmine@yopmail.com,Beverley.Charmine@gmail.com,doctor
658,Sharai,Saree,Sharai.Saree@yopmail.com,Sharai.Saree@gmail.com,doctor
659,Debee,Haerr,Debee.Haerr@yopmail.com,Debee.Haerr@gmail.com,doctor
660,Abbie,Amadas,Abbie.Amadas@yopmail.com,Abbie.Amadas@gmail.com,worker
661,Adele,Gunn,Adele.Gunn@yopmail.com,Adele.Gunn@gmail.com,police officer
662,Merci,Leler,Merci.Leler@yopmail.com,Merci.Leler@gmail.com,developer
663,Yolane,Obed,Yolane.Obed@yopmail.com,Yolane.Obed@gmail.com,developer
664,Shell,Joseph,Shell.Joseph@yopmail.com,Shell.Joseph@gmail.com,worker
665,Shannah,Arathorn,Shannah.Arathorn@yopmail.com,Shannah.Arathorn@gmail.com,police officer
666,Margalo,Fontana,Margalo.Fontana@yopmail.com,Margalo.Fontana@gmail.com,developer
667,Briney,Ulphia,Briney.Ulphia@yopmail.com,Briney.Ulphia@gmail.com,firefighter
668,Helsa,Callista,Helsa.Callista@yopmail.com,Helsa.Callista@gmail.com,firefighter
669,Mamie,Kaja,Mamie.Kaja@yopmail.com,Mamie.Kaja@gmail.com,doctor
670,Jennica,Kaete,Jennica.Kaete@yopmail.com,Jennica.Kaete@gmail.com,police officer
671,Arabel,Orlene,Arabel.Orlene@yopmail.com,Arabel.Orlene@gmail.com,worker
672,Lenna,Elvyn,Lenna.Elvyn@yopmail.com,Lenna.Elvyn@gmail.com,worker
673,Dode,Dermott,Dode.Dermott@yopmail.com,Dode.Dermott@gmail.com,developer
674,Aigneis,Gaspard,Aigneis.Gaspard@yopmail.com,Aigneis.Gaspard@gmail.com,police officer
675,Alejandra,Burch,Alejandra.Burch@yopmail.com,Alejandra.Burch@gmail.com,developer
676,Trudie,Lesley,Trudie.Lesley@yopmail.com,Trudie.Lesley@gmail.com,worker
677,Livvyy,Reinke,Livvyy.Reinke@yopmail.com,Livvyy.Reinke@gmail.com,doctor
678,Dyann,Bouchard,Dyann.Bouchard@yopmail.com,Dyann.Bouchard@gmail.com,doctor
679,Kathi,Crudden,Kathi.Crudden@yopmail.com,Kathi.Crudden@gmail.com,developer
680,Margalo,Knowling,Margalo.Knowling@yopmail.com,Margalo.Knowling@gmail.com,firefighter
681,Melina,Screens,Melina.Screens@yopmail.com,Melina.Screens@gmail.com,police officer
682,Claresta,Ajay,Claresta.Ajay@yopmail.com,Claresta.Ajay@gmail.com,doctor
683,Elena,Anastatius,Elena.Anastatius@yopmail.com,Elena.Anastatius@gmail.com,developer
684,Nicoli,Laverne,Nicoli.Laverne@yopmail.com,Nicoli.Laverne@gmail.com,developer
685,Amara,Annabella,Amara.Annabella@yopmail.com,Amara.Annabella@gmail.com,developer
686,Queenie,Hurley,Queenie.Hurley@yopmail.com,Queenie.Hurley@gmail.com,doctor
687,Peri,Annice,Peri.Annice@yopmail.com,Peri.Annice@gmail.com,doctor
688,Mahalia,Allina,Mahalia.Allina@yopmail.com,Mahalia.Allina@gmail.com,police officer
689,Kristan,Sigfrid,Kristan.Sigfrid@yopmail.com,Kristan.Sigfrid@gmail.com,doctor
690,Sallie,Dimitris,Sallie.Dimitris@yopmail.com,Sallie.Dimitris@gmail.com,firefighter
691,Valeda,Waldron,Valeda.Waldron@yopmail.com,Valeda.Waldron@gmail.com,police officer
692,Feliza,Gwenore,Feliza.Gwenore@yopmail.com,Feliza.Gwenore@gmail.com,firefighter
693,Molli,Bronk,Molli.Bronk@yopmail.com,Molli.Bronk@gmail.com,developer
694,Zondra,Rustice,Zondra.Rustice@yopmail.com,Zondra.Rustice@gmail.com,police officer
695,Sara-Ann,Ball,Sara-Ann.Ball@yopmail.com,Sara-Ann.Ball@gmail.com,firefighter
696,Heida,Stuart,Heida.Stuart@yopmail.com,Heida.Stuart@gmail.com,firefighter
697,Leeanne,Soneson,Leeanne.Soneson@yopmail.com,Leeanne.Soneson@gmail.com,worker
698,Violet,Barrus,Violet.Barrus@yopmail.com,Violet.Barrus@gmail.com,worker
699,Linet,Danby,Linet.Danby@yopmail.com,Linet.Danby@gmail.com,worker
700,Ariela,Jehu,Ariela.Jehu@yopmail.com,Ariela.Jehu@gmail.com,developer
701,Dulce,Malanie,Dulce.Malanie@yopmail.com,Dulce.Malanie@gmail.com,police officer
702,Johna,Seligman,Johna.Seligman@yopmail.com,Johna.Seligman@gmail.com,doctor
703,Tamqrah,McCutcheon,Tamqrah.McCutcheon@yopmail.com,Tamqrah.McCutcheon@gmail.com,doctor
704,Tierney,Darbie,Tierney.Darbie@yopmail.com,Tierney.Darbie@gmail.com,worker
705,Yvonne,Decato,Yvonne.Decato@yopmail.com,Yvonne.Decato@gmail.com,developer
706,Sonni,Howlyn,Sonni.Howlyn@yopmail.com,Sonni.Howlyn@gmail.com,worker
707,Dulce,Pond,Dulce.Pond@yopmail.com,Dulce.Pond@gmail.com,firefighter
708,Emmey,Holbrook,Emmey.Holbrook@yopmail.com,Emmey.Holbrook@gmail.com,developer
709,Donetta,Hylan,Donetta.Hylan@yopmail.com,Donetta.Hylan@gmail.com,police officer
710,Romona,Kauppi,Romona.Kauppi@yopmail.com,Romona.Kauppi@gmail.com,firefighter
711,Mariele,Shields,Mariele.Shields@yopmail.com,Mariele.Shields@gmail.com,police officer
712,Margette,Kiersten,Margette.Kiersten@yopmail.com,Margette.Kiersten@gmail.com,worker
713,Aigneis,Cornelia,Aigneis.Cornelia@yopmail.com,Aigneis.Cornelia@gmail.com,developer
714,Glynnis,Cleo,Glynnis.Cleo@yopmail.com,Glynnis.Cleo@gmail.com,worker
715,Wynne,Faria,Wynne.Faria@yopmail.com,Wynne.Faria@gmail.com,firefighter
716,Margette,Ricarda,Margette.Ricarda@yopmail.com,Margette.Ricarda@gmail.com,firefighter
717,Elise,Dex,Elise.Dex@yopmail.com,Elise.Dex@gmail.com,worker
718,Morganica,Chick,Morganica.Chick@yopmail.com,Morganica.Chick@gmail.com,police officer
719,Nelle,Magnolia,Nelle.Magnolia@yopmail.com,Nelle.Magnolia@gmail.com,doctor
720,Alexine,Lunsford,Alexine.Lunsford@yopmail.com,Alexine.Lunsford@gmail.com,developer
721,Claresta,Truc,Claresta.Truc@yopmail.com,Claresta.Truc@gmail.com,doctor
722,Christy,Cottle,Christy.Cottle@yopmail.com,Christy.Cottle@gmail.com,doctor
723,Danny,Rurik,Danny.Rurik@yopmail.com,Danny.Rurik@gmail.com,worker
724,Emylee,Grimbly,Emylee.Grimbly@yopmail.com,Emylee.Grimbly@gmail.com,doctor
725,Stevana,Lattie,Stevana.Lattie@yopmail.com,Stevana.Lattie@gmail.com,doctor
726,Brooks,Margret,Brooks.Margret@yopmail.com,Brooks.Margret@gmail.com,developer
727,Hayley,Dielu,Hayley.Dielu@yopmail.com,Hayley.Dielu@gmail.com,doctor
728,Augustine,Ricarda,Augustine.Ricarda@yopmail.com,Augustine.Ricarda@gmail.com,firefighter
729,Dione,Gunn,Dione.Gunn@yopmail.com,Dione.Gunn@gmail.com,police officer
730,Judy,Carlson,Judy.Carlson@yopmail.com,Judy.Carlson@gmail.com,worker
731,Emma,Zina,Emma.Zina@yopmail.com,Emma.Zina@gmail.com,doctor
732,Letizia,Couture,Letizia.Couture@yopmail.com,Letizia.Couture@gmail.com,developer
733,Charmaine,Ader,Charmaine.Ader@yopmail.com,Charmaine.Ader@gmail.com,doctor
734,Cordi,Wyn,Cordi.Wyn@yopmail.com,Cordi.Wyn@gmail.com,firefighter
735,Britte,Edmund,Britte.Edmund@yopmail.com,Britte.Edmund@gmail.com,firefighter
736,Gusty,Schlosser,Gusty.Schlosser@yopmail.com,Gusty.Schlosser@gmail.com,firefighter
737,Julieta,Uird,Julieta.Uird@yopmail.com,Julieta.Uird@gmail.com,worker
738,Kittie,Joni,Kittie.Joni@yopmail.com,Kittie.Joni@gmail.com,firefighter
739,Tiffie,Katrine,Tiffie.Katrine@yopmail.com,Tiffie.Katrine@gmail.com,developer
740,Edyth,Marijo,Edyth.Marijo@yopmail.com,Edyth.Marijo@gmail.com,firefighter
741,Marcelline,Denis,Marcelline.Denis@yopmail.com,Marcelline.Denis@gmail.com,worker
742,Michaelina,Glenden,Michaelina.Glenden@yopmail.com,Michaelina.Glenden@gmail.com,police officer
743,Averyl,Westphal,Averyl.Westphal@yopmail.com,Averyl.Westphal@gmail.com,firefighter
744,Letizia,Berriman,Letizia.Berriman@yopmail.com,Letizia.Berriman@gmail.com,police officer
745,Moyna,Bultman,Moyna.Bultman@yopmail.com,Moyna.Bultman@gmail.com,firefighter
746,Clo,Orelee,Clo.Orelee@yopmail.com,Clo.Orelee@gmail.com,worker
747,Lusa,Cookie,Lusa.Cookie@yopmail.com,Lusa.Cookie@gmail.com,doctor
748,Adriana,Ethban,Adriana.Ethban@yopmail.com,Adriana.Ethban@gmail.com,developer
749,Angela,Brandice,Angela.Brandice@yopmail.com,Angela.Brandice@gmail.com,developer
750,Kathi,Schenck,Kathi.Schenck@yopmail.com,Kathi.Schenck@gmail.com,firefighter
751,Cindelyn,Meter,Cindelyn.Meter@yopmail.com,Cindelyn.Meter@gmail.com,firefighter
752,Nickie,Sheng,Nickie.Sheng@yopmail.com,Nickie.Sheng@gmail.com,police officer
753,Kayla,Sigfrid,Kayla.Sigfrid@yopmail.com,Kayla.Sigfrid@gmail.com,police officer
754,Kary,Thar,Kary.Thar@yopmail.com,Kary.Thar@gmail.com,police officer
755,Maryellen,Candy,Maryellen.Candy@yopmail.com,Maryellen.Candy@gmail.com,developer
756,Dawn,Magnolia,Dawn.Magnolia@yopmail.com,Dawn.Magnolia@gmail.com,developer
757,Rhoda,Erb,Rhoda.Erb@yopmail.com,Rhoda.Erb@gmail.com,doctor
758,Silvana,Helve,Silvana.Helve@yopmail.com,Silvana.Helve@gmail.com,firefighter
759,Bernie,Niles,Bernie.Niles@yopmail.com,Bernie.Niles@gmail.com,worker
760,Gwyneth,Winthorpe,Gwyneth.Winthorpe@yopmail.com,Gwyneth.Winthorpe@gmail.com,firefighter
761,Kittie,Colbert,Kittie.Colbert@yopmail.com,Kittie.Colbert@gmail.com,firefighter
762,Amalie,Vastah,Amalie.Vastah@yopmail.com,Amalie.Vastah@gmail.com,worker
763,Glynnis,Forrer,Glynnis.Forrer@yopmail.com,Glynnis.Forrer@gmail.com,doctor
764,Marline,Arathorn,Marline.Arathorn@yopmail.com,Marline.Arathorn@gmail.com,worker
765,Rori,Wu,Rori.Wu@yopmail.com,Rori.Wu@gmail.com,police officer
766,Annora,Emmy,Annora.Emmy@yopmail.com,Annora.Emmy@gmail.com,developer
767,Dorothy,Faria,Dorothy.Faria@yopmail.com,Dorothy.Faria@gmail.com,developer
768,Joane,Klemperer,Joane.Klemperer@yopmail.com,Joane.Klemperer@gmail.com,firefighter
769,Alejandra,Adore,Alejandra.Adore@yopmail.com,Alejandra.Adore@gmail.com,police officer
770,Agathe,Louanna,Agathe.Louanna@yopmail.com,Agathe.Louanna@gmail.com,doctor
771,Leeanne,Couture,Leeanne.Couture@yopmail.com,Leeanne.Couture@gmail.com,firefighter
772,Cyndie,Howlyn,Cyndie.Howlyn@yopmail.com,Cyndie.Howlyn@gmail.com,police officer
773,Kittie,Maples,Kittie.Maples@yopmail.com,Kittie.Maples@gmail.com,police officer
774,Lanae,Dawkins,Lanae.Dawkins@yopmail.com,Lanae.Dawkins@gmail.com,developer
775,Bibby,Pillsbury,Bibby.Pillsbury@yopmail.com,Bibby.Pillsbury@gmail.com,doctor
776,Tracey,Papageno,Tracey.Papageno@yopmail.com,Tracey.Papageno@gmail.com,doctor
777,Leeanne,Iphlgenia,Leeanne.Iphlgenia@yopmail.com,Leeanne.Iphlgenia@gmail.com,police officer
778,Ileana,Bandeen,Ileana.Bandeen@yopmail.com,Ileana.Bandeen@gmail.com,doctor
779,Gisela,Evvie,Gisela.Evvie@yopmail.com,Gisela.Evvie@gmail.com,worker
780,Cissiee,Kolnick,Cissiee.Kolnick@yopmail.com,Cissiee.Kolnick@gmail.com,doctor
781,Hyacinthe,Audly,Hyacinthe.Audly@yopmail.com,Hyacinthe.Audly@gmail.com,firefighter
782,Lanae,Lymann,Lanae.Lymann@yopmail.com,Lanae.Lymann@gmail.com,developer
783,Latisha,Cynar,Latisha.Cynar@yopmail.com,Latisha.Cynar@gmail.com,firefighter
784,Juliane,Eldrid,Juliane.Eldrid@yopmail.com,Juliane.Eldrid@gmail.com,firefighter
785,Kimmy,Juliet,Kimmy.Juliet@yopmail.com,Kimmy.Juliet@gmail.com,worker
786,Tobe,Martguerita,Tobe.Martguerita@yopmail.com,Tobe.Martguerita@gmail.com,police officer
787,Louella,Gaspard,Louella.Gaspard@yopmail.com,Louella.Gaspard@gmail.com,developer
788,Odessa,Libna,Odessa.Libna@yopmail.com,Odessa.Libna@gmail.com,worker
789,Meg,Manolo,Meg.Manolo@yopmail.com,Meg.Manolo@gmail.com,developer
790,Ruthe,Paine,Ruthe.Paine@yopmail.com,Ruthe.Paine@gmail.com,firefighter
791,Pollyanna,Lenny,Pollyanna.Lenny@yopmail.com,Pollyanna.Lenny@gmail.com,firefighter
792,Viki,Johnsson,Viki.Johnsson@yopmail.com,Viki.Johnsson@gmail.com,firefighter
793,Laure,Love,Laure.Love@yopmail.com,Laure.Love@gmail.com,doctor
794,Louella,Freddi,Louella.Freddi@yopmail.com,Louella.Freddi@gmail.com,doctor
795,Wendi,McGrody,Wendi.McGrody@yopmail.com,Wendi.McGrody@gmail.com,doctor
796,Tamqrah,Lane,Tamqrah.Lane@yopmail.com,Tamqrah.Lane@gmail.com,worker
797,Alejandra,Elsinore,Alejandra.Elsinore@yopmail.com,Alejandra.Elsinore@gmail.com,developer
798,Goldie,O'Rourke,Goldie.O'Rourke@yopmail.com,Goldie.O'Rourke@gmail.com,doctor
799,Sherrie,Krystle,Sherrie.Krystle@yopmail.com,Sherrie.Krystle@gmail.com,developer
800,Corly,Pearse,Corly.Pearse@yopmail.com,Corly.Pearse@gmail.com,developer
801,Sashenka,Rosemary,Sashenka.Rosemary@yopmail.com,Sashenka.Rosemary@gmail.com,police officer
802,Lynnea,Eiser,Lynnea.Eiser@yopmail.com,Lynnea.Eiser@gmail.com,developer
803,Berta,Federica,Berta.Federica@yopmail.com,Berta.Federica@gmail.com,firefighter
804,Audrie,Alva,Audrie.Alva@yopmail.com,Audrie.Alva@gmail.com,police officer
805,Kathi,Narton,Kathi.Narton@yopmail.com,Kathi.Narton@gmail.com,developer
806,Steffane,Kamaria,Steffane.Kamaria@yopmail.com,Steffane.Kamaria@gmail.com,firefighter
807,Ariela,Valerio,Ariela.Valerio@yopmail.com,Ariela.Valerio@gmail.com,doctor
808,Pierette,Docilla,Pierette.Docilla@yopmail.com,Pierette.Docilla@gmail.com,doctor
809,Hallie,Seessel,Hallie.Seessel@yopmail.com,Hallie.Seessel@gmail.com,police officer
810,Alia,Roxanna,Alia.Roxanna@yopmail.com,Alia.Roxanna@gmail.com,police officer
811,Dorene,Dituri,Dorene.Dituri@yopmail.com,Dorene.Dituri@gmail.com,police officer
812,Anallese,Bach,Anallese.Bach@yopmail.com,Anallese.Bach@gmail.com,worker
813,Alyssa,Pillsbury,Alyssa.Pillsbury@yopmail.com,Alyssa.Pillsbury@gmail.com,police officer
814,Catrina,Therine,Catrina.Therine@yopmail.com,Catrina.Therine@gmail.com,police officer
815,Arlina,Clywd,Arlina.Clywd@yopmail.com,Arlina.Clywd@gmail.com,worker
816,Orelia,Dorothy,Orelia.Dorothy@yopmail.com,Orelia.Dorothy@gmail.com,doctor
817,Nessie,Sekofski,Nessie.Sekofski@yopmail.com,Nessie.Sekofski@gmail.com,doctor
818,Quintina,Wenda,Quintina.Wenda@yopmail.com,Quintina.Wenda@gmail.com,police officer
819,Esmeralda,Abernon,Esmeralda.Abernon@yopmail.com,Esmeralda.Abernon@gmail.com,developer
820,Beatriz,Bebe,Beatriz.Bebe@yopmail.com,Beatriz.Bebe@gmail.com,doctor
821,Eadie,Seumas,Eadie.Seumas@yopmail.com,Eadie.Seumas@gmail.com,worker
822,Marleah,Isidore,Marleah.Isidore@yopmail.com,Marleah.Isidore@gmail.com,developer
823,Gusty,Sothena,Gusty.Sothena@yopmail.com,Gusty.Sothena@gmail.com,worker
824,Fawne,Regan,Fawne.Regan@yopmail.com,Fawne.Regan@gmail.com,firefighter
825,Gabriellia,Ader,Gabriellia.Ader@yopmail.com,Gabriellia.Ader@gmail.com,worker
826,Ericka,Lubin,Ericka.Lubin@yopmail.com,Ericka.Lubin@gmail.com,worker
827,Jordan,Natica,Jordan.Natica@yopmail.com,Jordan.Natica@gmail.com,worker
828,Sarette,Sperling,Sarette.Sperling@yopmail.com,Sarette.Sperling@gmail.com,police officer
829,Deloria,Telfer,Deloria.Telfer@yopmail.com,Deloria.Telfer@gmail.com,worker
830,Shandie,Briney,Shandie.Briney@yopmail.com,Shandie.Briney@gmail.com,firefighter
831,Karina,Lipson,Karina.Lipson@yopmail.com,Karina.Lipson@gmail.com,developer
832,Janis,Chrystel,Janis.Chrystel@yopmail.com,Janis.Chrystel@gmail.com,police officer
833,Nannie,Chapland,Nannie.Chapland@yopmail.com,Nannie.Chapland@gmail.com,worker
834,Orsola,Hourigan,Orsola.Hourigan@yopmail.com,Orsola.Hourigan@gmail.com,doctor
835,Dulce,Chem,Dulce.Chem@yopmail.com,Dulce.Chem@gmail.com,firefighter
836,Sybille,Maiah,Sybille.Maiah@yopmail.com,Sybille.Maiah@gmail.com,firefighter
837,Lusa,Birdella,Lusa.Birdella@yopmail.com,Lusa.Birdella@gmail.com,developer
838,Magdalena,Johanna,Magdalena.Johanna@yopmail.com,Magdalena.Johanna@gmail.com,doctor
839,Cherilyn,Nunci,Cherilyn.Nunci@yopmail.com,Cherilyn.Nunci@gmail.com,police officer
840,Max,Ashok,Max.Ashok@yopmail.com,Max.Ashok@gmail.com,police officer
841,Georgina,Harl,Georgina.Harl@yopmail.com,Georgina.Harl@gmail.com,firefighter
842,Esmeralda,Margarete,Esmeralda.Margarete@yopmail.com,Esmeralda.Margarete@gmail.com,police officer
843,Christy,Ursulette,Christy.Ursulette@yopmail.com,Christy.Ursulette@gmail.com,developer
844,Gilda,Center,Gilda.Center@yopmail.com,Gilda.Center@gmail.com,developer
845,Marcelline,Mandler,Marcelline.Mandler@yopmail.com,Marcelline.Mandler@gmail.com,firefighter
846,Brandise,Cleo,Brandise.Cleo@yopmail.com,Brandise.Cleo@gmail.com,police officer
847,Cherrita,Brady,Cherrita.Brady@yopmail.com,Cherrita.Brady@gmail.com,doctor
848,Pamella,Presber,Pamella.Presber@yopmail.com,Pamella.Presber@gmail.com,police officer
849,Nyssa,Kalinda,Nyssa.Kalinda@yopmail.com,Nyssa.Kalinda@gmail.com,doctor
850,Myrtice,McLaughlin,Myrtice.McLaughlin@yopmail.com,Myrtice.McLaughlin@gmail.com,doctor
851,Hildegaard,Phaidra,Hildegaard.Phaidra@yopmail.com,Hildegaard.Phaidra@gmail.com,firefighter
852,Lila,Chrystel,Lila.Chrystel@yopmail.com,Lila.Chrystel@gmail.com,police officer
853,Cathyleen,Bergman,Cathyleen.Bergman@yopmail.com,Cathyleen.Bergman@gmail.com,firefighter
854,Fanny,Sammons,Fanny.Sammons@yopmail.com,Fanny.Sammons@gmail.com,developer
855,Constance,Hollingsworth,Constance.Hollingsworth@yopmail.com,Constance.Hollingsworth@gmail.com,police officer
856,Micheline,Dawkins,Micheline.Dawkins@yopmail.com,Micheline.Dawkins@gmail.com,developer
857,Aaren,Liebermann,Aaren.Liebermann@yopmail.com,Aaren.Liebermann@gmail.com,firefighter
858,Bobinette,Hunfredo,Bobinette.Hunfredo@yopmail.com,Bobinette.Hunfredo@gmail.com,doctor
859,Aubrie,Maroney,Aubrie.Maroney@yopmail.com,Aubrie.Maroney@gmail.com,police officer
860,Tonia,Flita,Tonia.Flita@yopmail.com,Tonia.Flita@gmail.com,worker
861,Jaime,Weide,Jaime.Weide@yopmail.com,Jaime.Weide@gmail.com,police officer
862,Alyssa,Atcliffe,Alyssa.Atcliffe@yopmail.com,Alyssa.Atcliffe@gmail.com,firefighter
863,Elyssa,Kravits,Elyssa.Kravits@yopmail.com,Elyssa.Kravits@gmail.com,firefighter
864,Therine,Shama,Therine.Shama@yopmail.com,Therine.Shama@gmail.com,firefighter
865,Rubie,Engdahl,Rubie.Engdahl@yopmail.com,Rubie.Engdahl@gmail.com,doctor
866,Caryl,Peti,Caryl.Peti@yopmail.com,Caryl.Peti@gmail.com,firefighter
867,Lory,Whiffen,Lory.Whiffen@yopmail.com,Lory.Whiffen@gmail.com,worker
868,Ivett,Allina,Ivett.Allina@yopmail.com,Ivett.Allina@gmail.com,firefighter
869,Nadine,Monk,Nadine.Monk@yopmail.com,Nadine.Monk@gmail.com,police officer
870,Kimmy,Friede,Kimmy.Friede@yopmail.com,Kimmy.Friede@gmail.com,worker
871,Hayley,Hurley,Hayley.Hurley@yopmail.com,Hayley.Hurley@gmail.com,firefighter
872,Lyssa,Gamaliel,Lyssa.Gamaliel@yopmail.com,Lyssa.Gamaliel@gmail.com,firefighter
873,Kittie,Soneson,Kittie.Soneson@yopmail.com,Kittie.Soneson@gmail.com,firefighter
874,Ada,Whittaker,Ada.Whittaker@yopmail.com,Ada.Whittaker@gmail.com,firefighter
875,Wanda,Edison,Wanda.Edison@yopmail.com,Wanda.Edison@gmail.com,worker
876,Donnie,Raul,Donnie.Raul@yopmail.com,Donnie.Raul@gmail.com,police officer
877,Marguerite,Blase,Marguerite.Blase@yopmail.com,Marguerite.Blase@gmail.com,developer
878,Caritta,Posner,Caritta.Posner@yopmail.com,Caritta.Posner@gmail.com,police officer
879,Melanie,Berl,Melanie.Berl@yopmail.com,Melanie.Berl@gmail.com,worker
880,Jerry,Infield,Jerry.Infield@yopmail.com,Jerry.Infield@gmail.com,developer
881,Lorenza,Alarise,Lorenza.Alarise@yopmail.com,Lorenza.Alarise@gmail.com,worker
882,Roz,Ade,Roz.Ade@yopmail.com,Roz.Ade@gmail.com,doctor
883,Deedee,Bari,Deedee.Bari@yopmail.com,Deedee.Bari@gmail.com,firefighter
884,Chere,Suanne,Chere.Suanne@yopmail.com,Chere.Suanne@gmail.com,developer
885,Mathilda,Hutchison,Mathilda.Hutchison@yopmail.com,Mathilda.Hutchison@gmail.com,police officer
886,Henriette,Presber,Henriette.Presber@yopmail.com,Henriette.Presber@gmail.com,doctor
887,Amalie,Rossner,Amalie.Rossner@yopmail.com,Amalie.Rossner@gmail.com,developer
888,Miquela,Susannah,Miquela.Susannah@yopmail.com,Miquela.Susannah@gmail.com,developer
889,Cyndie,Mike,Cyndie.Mike@yopmail.com,Cyndie.Mike@gmail.com,doctor
890,Babita,Grayce,Babita.Grayce@yopmail.com,Babita.Grayce@gmail.com,doctor
891,Jany,Nikaniki,Jany.Nikaniki@yopmail.com,Jany.Nikaniki@gmail.com,firefighter
892,Feliza,Longfellow,Feliza.Longfellow@yopmail.com,Feliza.Longfellow@gmail.com,doctor
893,Mildrid,Wadell,Mildrid.Wadell@yopmail.com,Mildrid.Wadell@gmail.com,firefighter
894,Codie,Lucienne,Codie.Lucienne@yopmail.com,Codie.Lucienne@gmail.com,police officer
895,Millie,Kellby,Millie.Kellby@yopmail.com,Millie.Kellby@gmail.com,firefighter
896,Elfreda,Poppy,Elfreda.Poppy@yopmail.com,Elfreda.Poppy@gmail.com,firefighter
897,Carol-Jean,Merell,Carol-Jean.Merell@yopmail.com,Carol-Jean.Merell@gmail.com,worker
898,Carol-Jean,Muriel,Carol-Jean.Muriel@yopmail.com,Carol-Jean.Muriel@gmail.com,doctor
899,Mamie,Nedrud,Mamie.Nedrud@yopmail.com,Mamie.Nedrud@gmail.com,developer
900,Roseline,Kronfeld,Roseline.Kronfeld@yopmail.com,Roseline.Kronfeld@gmail.com,doctor
901,Gerrie,Cleo,Gerrie.Cleo@yopmail.com,Gerrie.Cleo@gmail.com,police officer
902,Jordan,Old,Jordan.Old@yopmail.com,Jordan.Old@gmail.com,police officer
903,Clementine,Kristi,Clementine.Kristi@yopmail.com,Clementine.Kristi@gmail.com,firefighter
904,Nickie,Rad,Nickie.Rad@yopmail.com,Nickie.Rad@gmail.com,doctor
905,Hyacinthe,Callista,Hyacinthe.Callista@yopmail.com,Hyacinthe.Callista@gmail.com,firefighter
906,Belva,Stuart,Belva.Stuart@yopmail.com,Belva.Stuart@gmail.com,developer
907,Barbara,Tristram,Barbara.Tristram@yopmail.com,Barbara.Tristram@gmail.com,doctor
908,Fawne,Lorenz,Fawne.Lorenz@yopmail.com,Fawne.Lorenz@gmail.com,firefighter
909,Brana,Mallon,Brana.Mallon@yopmail.com,Brana.Mallon@gmail.com,firefighter
910,Caressa,Norvol,Caressa.Norvol@yopmail.com,Caressa.Norvol@gmail.com,doctor
911,Bernie,Tound,Bernie.Tound@yopmail.com,Bernie.Tound@gmail.com,police officer
912,Cyndie,Kenwood,Cyndie.Kenwood@yopmail.com,Cyndie.Kenwood@gmail.com,worker
913,Lusa,Zetta,Lusa.Zetta@yopmail.com,Lusa.Zetta@gmail.com,firefighter
914,Annora,Niccolo,Annora.Niccolo@yopmail.com,Annora.Niccolo@gmail.com,developer
915,Jacenta,Ethban,Jacenta.Ethban@yopmail.com,Jacenta.Ethban@gmail.com,worker
916,Caritta,Bach,Caritta.Bach@yopmail.com,Caritta.Bach@gmail.com,doctor
917,Cherrita,Heidt,Cherrita.Heidt@yopmail.com,Cherrita.Heidt@gmail.com,police officer
918,Kristina,Jillane,Kristina.Jillane@yopmail.com,Kristina.Jillane@gmail.com,doctor
919,Selma,Kendrick,Selma.Kendrick@yopmail.com,Selma.Kendrick@gmail.com,police officer
920,Justinn,Waldron,Justinn.Waldron@yopmail.com,Justinn.Waldron@gmail.com,worker
921,Alex,Rese,Alex.Rese@yopmail.com,Alex.Rese@gmail.com,doctor
922,Shaylyn,Wittie,Shaylyn.Wittie@yopmail.com,Shaylyn.Wittie@gmail.com,firefighter
923,Gisela,Percy,Gisela.Percy@yopmail.com,Gisela.Percy@gmail.com,firefighter
924,Augustine,Hepsibah,Augustine.Hepsibah@yopmail.com,Augustine.Hepsibah@gmail.com,police officer
925,Basia,Dyche,Basia.Dyche@yopmail.com,Basia.Dyche@gmail.com,firefighter
926,Alleen,Mullane,Alleen.Mullane@yopmail.com,Alleen.Mullane@gmail.com,firefighter
927,Ebonee,Oneida,Ebonee.Oneida@yopmail.com,Ebonee.Oneida@gmail.com,worker
928,Caressa,Iphlgenia,Caressa.Iphlgenia@yopmail.com,Caressa.Iphlgenia@gmail.com,doctor
929,Donetta,Munn,Donetta.Munn@yopmail.com,Donetta.Munn@gmail.com,worker
930,Marita,Remmer,Marita.Remmer@yopmail.com,Marita.Remmer@gmail.com,police officer
931,Bee,Trace,Bee.Trace@yopmail.com,Bee.Trace@gmail.com,developer
932,Maridel,Eben,Maridel.Eben@yopmail.com,Maridel.Eben@gmail.com,developer
933,Dagmar,Gaspard,Dagmar.Gaspard@yopmail.com,Dagmar.Gaspard@gmail.com,worker
934,Cathyleen,Odysseus,Cathyleen.Odysseus@yopmail.com,Cathyleen.Odysseus@gmail.com,doctor
935,Selia,Tayib,Selia.Tayib@yopmail.com,Selia.Tayib@gmail.com,developer
936,Louella,Ietta,Louella.Ietta@yopmail.com,Louella.Ietta@gmail.com,developer
937,Norine,LaRue,Norine.LaRue@yopmail.com,Norine.LaRue@gmail.com,developer
938,Lilith,Middleton,Lilith.Middleton@yopmail.com,Lilith.Middleton@gmail.com,worker
939,Donetta,Noman,Donetta.Noman@yopmail.com,Donetta.Noman@gmail.com,firefighter
940,Wynne,Afton,Wynne.Afton@yopmail.com,Wynne.Afton@gmail.com,worker
941,Daryl,Birdella,Daryl.Birdella@yopmail.com,Daryl.Birdella@gmail.com,developer
942,Sonni,Hull,Sonni.Hull@yopmail.com,Sonni.Hull@gmail.com,developer
943,Paule,Vins,Paule.Vins@yopmail.com,Paule.Vins@gmail.com,doctor
944,Noelle,Hunfredo,Noelle.Hunfredo@yopmail.com,Noelle.Hunfredo@gmail.com,police officer
945,Lorie,Sperling,Lorie.Sperling@yopmail.com,Lorie.Sperling@gmail.com,worker
946,Alyssa,Estella,Alyssa.Estella@yopmail.com,Alyssa.Estella@gmail.com,police officer
947,Correy,Eldrid,Correy.Eldrid@yopmail.com,Correy.Eldrid@gmail.com,worker
948,Lexine,Firmin,Lexine.Firmin@yopmail.com,Lexine.Firmin@gmail.com,doctor
949,Lolita,Gualtiero,Lolita.Gualtiero@yopmail.com,Lolita.Gualtiero@gmail.com,developer
950,Celestyna,Constancy,Celestyna.Constancy@yopmail.com,Celestyna.Constancy@gmail.com,doctor
951,Kaia,Longfellow,Kaia.Longfellow@yopmail.com,Kaia.Longfellow@gmail.com,developer
952,Suzette,Jess,Suzette.Jess@yopmail.com,Suzette.Jess@gmail.com,developer
953,Shannah,Laverne,Shannah.Laverne@yopmail.com,Shannah.Laverne@gmail.com,firefighter
954,Paule,Zenas,Paule.Zenas@yopmail.com,Paule.Zenas@gmail.com,firefighter
955,Lisette,Dalli,Lisette.Dalli@yopmail.com,Lisette.Dalli@gmail.com,worker
956,Caryl,Ardeha,Caryl.Ardeha@yopmail.com,Caryl.Ardeha@gmail.com,worker
957,Dennie,Merell,Dennie.Merell@yopmail.com,Dennie.Merell@gmail.com,worker
958,Lita,Oster,Lita.Oster@yopmail.com,Lita.Oster@gmail.com,firefighter
959,Gale,Natalia,Gale.Natalia@yopmail.com,Gale.Natalia@gmail.com,doctor
960,Ida,Ilka,Ida.Ilka@yopmail.com,Ida.Ilka@gmail.com,police officer
961,Meg,Rogerio,Meg.Rogerio@yopmail.com,Meg.Rogerio@gmail.com,firefighter
962,Hyacinthe,Ader,Hyacinthe.Ader@yopmail.com,Hyacinthe.Ader@gmail.com,doctor
963,Karly,Torray,Karly.Torray@yopmail.com,Karly.Torray@gmail.com,firefighter
964,Merci,Bultman,Merci.Bultman@yopmail.com,Merci.Bultman@gmail.com,firefighter
965,Renae,Codding,Renae.Codding@yopmail.com,Renae.Codding@gmail.com,doctor
966,Perry,Girardo,Perry.Girardo@yopmail.com,Perry.Girardo@gmail.com,firefighter
967,Flo,An,Flo.An@yopmail.com,Flo.An@gmail.com,developer
968,Lindie,Milde,Lindie.Milde@yopmail.com,Lindie.Milde@gmail.com,doctor
969,Charlena,Gamaliel,Charlena.Gamaliel@yopmail.com,Charlena.Gamaliel@gmail.com,developer
970,Cecile,Delacourt,Cecile.Delacourt@yopmail.com,Cecile.Delacourt@gmail.com,police officer
971,Isa,Marijo,Isa.Marijo@yopmail.com,Isa.Marijo@gmail.com,developer
972,Ottilie,Ardra,Ottilie.Ardra@yopmail.com,Ottilie.Ardra@gmail.com,worker
973,Helena,Reinke,Helena.Reinke@yopmail.com,Helena.Reinke@gmail.com,police officer
974,Feliza,Saint,Feliza.Saint@yopmail.com,Feliza.Saint@gmail.com,firefighter
975,Lelah,Madaih,Lelah.Madaih@yopmail.com,Lelah.Madaih@gmail.com,police officer
976,Tori,Orelee,Tori.Orelee@yopmail.com,Tori.Orelee@gmail.com,worker
977,Keelia,Deny,Keelia.Deny@yopmail.com,Keelia.Deny@gmail.com,firefighter
978,Jere,Esmaria,Jere.Esmaria@yopmail.com,Jere.Esmaria@gmail.com,police officer
979,Caritta,Uird,Caritta.Uird@yopmail.com,Caritta.Uird@gmail.com,police officer
980,Karina,Adamsen,Karina.Adamsen@yopmail.com,Karina.Adamsen@gmail.com,doctor
981,Sheree,Juan,Sheree.Juan@yopmail.com,Sheree.Juan@gmail.com,firefighter
982,Winny,Damarra,Winny.Damarra@yopmail.com,Winny.Damarra@gmail.com,firefighter
983,Roseline,Arquit,Roseline.Arquit@yopmail.com,Roseline.Arquit@gmail.com,developer
984,Chandra,Mathilde,Chandra.Mathilde@yopmail.com,Chandra.Mathilde@gmail.com,worker
985,Dulce,Remmer,Dulce.Remmer@yopmail.com,Dulce.Remmer@gmail.com,worker
986,Jan,Christine,Jan.Christine@yopmail.com,Jan.Christine@gmail.com,firefighter
987,Berget,Ledah,Berget.Ledah@yopmail.com,Berget.Ledah@gmail.com,worker
988,Elvira,Riordan,Elvira.Riordan@yopmail.com,Elvira.Riordan@gmail.com,developer
989,Gabriellia,Seligman,Gabriellia.Seligman@yopmail.com,Gabriellia.Seligman@gmail.com,doctor
990,Andeee,Linehan,Andeee.Linehan@yopmail.com,Andeee.Linehan@gmail.com,worker
991,Leanna,Blake,Leanna.Blake@yopmail.com,Leanna.Blake@gmail.com,doctor
992,Bettine,Soneson,Bettine.Soneson@yopmail.com,Bettine.Soneson@gmail.com,firefighter
993,Helena,Radu,Helena.Radu@yopmail.com,Helena.Radu@gmail.com,doctor
994,Kore,Wadell,Kore.Wadell@yopmail.com,Kore.Wadell@gmail.com,police officer
995,Sam,Fredi,Sam.Fredi@yopmail.com,Sam.Fredi@gmail.com,firefighter
996,Joy,Riva,Joy.Riva@yopmail.com,Joy.Riva@gmail.com,firefighter
997,Lusa,Gibbeon,Lusa.Gibbeon@yopmail.com,Lusa.Gibbeon@gmail.com,doctor
998,Marita,Bouchard,Marita.Bouchard@yopmail.com,Marita.Bouchard@gmail.com,firefighter
999,Ruthe,Liebermann,Ruthe.Liebermann@yopmail.com,Ruthe.Liebermann@gmail.com,developer
1000,Barbi,Kress,Barbi.Kress@yopmail.com,Barbi.Kress@gmail.com,police officer
1001,Isa,Urias,Isa.Urias@yopmail.com,Isa.Urias@gmail.com,doctor
1002,Florencia,Seligman,Florencia.Seligman@yopmail.com,Florencia.Seligman@gmail.com,doctor
1003,Gusella,Aprile,Gusella.Aprile@yopmail.com,Gusella.Aprile@gmail.com,worker
1004,Sheree,Pandolfi,Sheree.Pandolfi@yopmail.com,Sheree.Pandolfi@gmail.com,firefighter
1005,Krystle,Hieronymus,Krystle.Hieronymus@yopmail.com,Krystle.Hieronymus@gmail.com,developer
1006,Korrie,Goode,Korrie.Goode@yopmail.com,Korrie.Goode@gmail.com,police officer
1007,Raf,Publia,Raf.Publia@yopmail.com,Raf.Publia@gmail.com,doctor
1008,Yolane,Euridice,Yolane.Euridice@yopmail.com,Yolane.Euridice@gmail.com,worker
1009,Meriel,Hartnett,Meriel.Hartnett@yopmail.com,Meriel.Hartnett@gmail.com,firefighter
1010,Gusella,Fadiman,Gusella.Fadiman@yopmail.com,Gusella.Fadiman@gmail.com,police officer
1011,Katleen,Dannye,Katleen.Dannye@yopmail.com,Katleen.Dannye@gmail.com,doctor
1012,Corina,Rosette,Corina.Rosette@yopmail.com,Corina.Rosette@gmail.com,doctor
1013,Clarice,Jary,Clarice.Jary@yopmail.com,Clarice.Jary@gmail.com,developer
1014,Florencia,Ventre,Florencia.Ventre@yopmail.com,Florencia.Ventre@gmail.com,doctor
1015,Tarra,Myrilla,Tarra.Myrilla@yopmail.com,Tarra.Myrilla@gmail.com,developer
1016,Daphne,Yerkovich,Daphne.Yerkovich@yopmail.com,Daphne.Yerkovich@gmail.com,firefighter
1017,Philis,Briney,Philis.Briney@yopmail.com,Philis.Briney@gmail.com,police officer
1018,Hettie,Argus,Hettie.Argus@yopmail.com,Hettie.Argus@gmail.com,developer
1019,Fanchon,Ahab,Fanchon.Ahab@yopmail.com,Fanchon.Ahab@gmail.com,firefighter
1020,Darlleen,Arley,Darlleen.Arley@yopmail.com,Darlleen.Arley@gmail.com,worker
1021,Gwenneth,Seumas,Gwenneth.Seumas@yopmail.com,Gwenneth.Seumas@gmail.com,police officer
1022,Wendi,Abernon,Wendi.Abernon@yopmail.com,Wendi.Abernon@gmail.com,developer
1023,Marline,Shirberg,Marline.Shirberg@yopmail.com,Marline.Shirberg@gmail.com,firefighter
1024,Margarette,Toffic,Margarette.Toffic@yopmail.com,Margarette.Toffic@gmail.com,firefighter
1025,Basia,Laurianne,Basia.Laurianne@yopmail.com,Basia.Laurianne@gmail.com,police officer
1026,Annice,Koziara,Annice.Koziara@yopmail.com,Annice.Koziara@gmail.com,firefighter
1027,Kalina,Cosenza,Kalina.Cosenza@yopmail.com,Kalina.Cosenza@gmail.com,worker
1028,Sabina,Heidt,Sabina.Heidt@yopmail.com,Sabina.Heidt@gmail.com,developer
1029,Mignon,Judye,Mignon.Judye@yopmail.com,Mignon.Judye@gmail.com,worker
1030,Aeriela,Clara,Aeriela.Clara@yopmail.com,Aeriela.Clara@gmail.com,doctor
1031,Tamqrah,Christine,Tamqrah.Christine@yopmail.com,Tamqrah.Christine@gmail.com,doctor
1032,Dorene,Therine,Dorene.Therine@yopmail.com,Dorene.Therine@gmail.com,developer
1033,Beatriz,Orelee,Beatriz.Orelee@yopmail.com,Beatriz.Orelee@gmail.com,developer
1034,Ethel,Thar,Ethel.Thar@yopmail.com,Ethel.Thar@gmail.com,firefighter
1035,Jorry,Schlosser,Jorry.Schlosser@yopmail.com,Jorry.Schlosser@gmail.com,doctor
1036,Vivia,Bonucci,Vivia.Bonucci@yopmail.com,Vivia.Bonucci@gmail.com,worker
1037,Cindelyn,Socha,Cindelyn.Socha@yopmail.com,Cindelyn.Socha@gmail.com,developer
1038,Maurene,Cimbura,Maurene.Cimbura@yopmail.com,Maurene.Cimbura@gmail.com,doctor
1039,Charissa,Hurley,Charissa.Hurley@yopmail.com,Charissa.Hurley@gmail.com,developer
1040,Michaelina,Erminia,Michaelina.Erminia@yopmail.com,Michaelina.Erminia@gmail.com,developer
1041,Ann-Marie,Bury,Ann-Marie.Bury@yopmail.com,Ann-Marie.Bury@gmail.com,doctor
1042,Luci,August,Luci.August@yopmail.com,Luci.August@gmail.com,developer
1043,Claresta,Jacqui,Claresta.Jacqui@yopmail.com,Claresta.Jacqui@gmail.com,police officer
1044,Winifred,Darbie,Winifred.Darbie@yopmail.com,Winifred.Darbie@gmail.com,developer
1045,Delilah,Nahum,Delilah.Nahum@yopmail.com,Delilah.Nahum@gmail.com,developer
1046,Lonnie,Hachmin,Lonnie.Hachmin@yopmail.com,Lonnie.Hachmin@gmail.com,worker
1047,Dianemarie,Halla,Dianemarie.Halla@yopmail.com,Dianemarie.Halla@gmail.com,developer
1048,Angela,Lilas,Angela.Lilas@yopmail.com,Angela.Lilas@gmail.com,worker
1049,Carilyn,Pattin,Carilyn.Pattin@yopmail.com,Carilyn.Pattin@gmail.com,police officer
1050,Edee,Soneson,Edee.Soneson@yopmail.com,Edee.Soneson@gmail.com,doctor
1051,Gwyneth,Taima,Gwyneth.Taima@yopmail.com,Gwyneth.Taima@gmail.com,police officer
1052,Rosanne,Belanger,Rosanne.Belanger@yopmail.com,Rosanne.Belanger@gmail.com,developer
1053,Lonnie,Ailyn,Lonnie.Ailyn@yopmail.com,Lonnie.Ailyn@gmail.com,developer
1054,Rani,Stuart,Rani.Stuart@yopmail.com,Rani.Stuart@gmail.com,doctor
1055,Fawne,Reinke,Fawne.Reinke@yopmail.com,Fawne.Reinke@gmail.com,worker
1056,Bertine,Orlene,Bertine.Orlene@yopmail.com,Bertine.Orlene@gmail.com,police officer
1057,Elora,Joeann,Elora.Joeann@yopmail.com,Elora.Joeann@gmail.com,doctor
1058,Rivalee,Ogren,Rivalee.Ogren@yopmail.com,Rivalee.Ogren@gmail.com,worker
1059,Tori,Jerold,Tori.Jerold@yopmail.com,Tori.Jerold@gmail.com,police officer
1060,Max,Amadas,Max.Amadas@yopmail.com,Max.Amadas@gmail.com,worker
1061,Goldie,Evvie,Goldie.Evvie@yopmail.com,Goldie.Evvie@gmail.com,doctor
1062,Annaliese,Tomasina,Annaliese.Tomasina@yopmail.com,Annaliese.Tomasina@gmail.com,worker
1063,Lauryn,Annice,Lauryn.Annice@yopmail.com,Lauryn.Annice@gmail.com,firefighter
1064,Margarette,Dituri,Margarette.Dituri@yopmail.com,Margarette.Dituri@gmail.com,developer
1065,Christal,Aldric,Christal.Aldric@yopmail.com,Christal.Aldric@gmail.com,developer
1066,Nickie,Giule,Nickie.Giule@yopmail.com,Nickie.Giule@gmail.com,doctor
1067,Kathi,Kelula,Kathi.Kelula@yopmail.com,Kathi.Kelula@gmail.com,doctor
1068,Carilyn,Morehouse,Carilyn.Morehouse@yopmail.com,Carilyn.Morehouse@gmail.com,police officer
1069,Rosabelle,Millda,Rosabelle.Millda@yopmail.com,Rosabelle.Millda@gmail.com,developer
1070,Ricky,Ricki,Ricky.Ricki@yopmail.com,Ricky.Ricki@gmail.com,doctor
1071,Dennie,Kazimir,Dennie.Kazimir@yopmail.com,Dennie.Kazimir@gmail.com,firefighter
1072,Lynea,Birdella,Lynea.Birdella@yopmail.com,Lynea.Birdella@gmail.com,developer
1073,Arlina,Rozanna,Arlina.Rozanna@yopmail.com,Arlina.Rozanna@gmail.com,doctor
1074,Aaren,Isacco,Aaren.Isacco@yopmail.com,Aaren.Isacco@gmail.com,developer
1075,Jaime,Alwin,Jaime.Alwin@yopmail.com,Jaime.Alwin@gmail.com,doctor
1076,Sashenka,Ade,Sashenka.Ade@yopmail.com,Sashenka.Ade@gmail.com,doctor
1077,Cherrita,Teryn,Cherrita.Teryn@yopmail.com,Cherrita.Teryn@gmail.com,worker
1078,Gretal,Olin,Gretal.Olin@yopmail.com,Gretal.Olin@gmail.com,doctor
1079,Donnie,Tayib,Donnie.Tayib@yopmail.com,Donnie.Tayib@gmail.com,police officer
1080,Linet,Fredi,Linet.Fredi@yopmail.com,Linet.Fredi@gmail.com,worker
1081,Lesly,Goth,Lesly.Goth@yopmail.com,Lesly.Goth@gmail.com,police officer
1082,Dagmar,Lucienne,Dagmar.Lucienne@yopmail.com,Dagmar.Lucienne@gmail.com,worker
1083,Sybille,Cullin,Sybille.Cullin@yopmail.com,Sybille.Cullin@gmail.com,doctor
1084,Valera,Federica,Valera.Federica@yopmail.com,Valera.Federica@gmail.com,firefighter
1085,Julieta,Lamoree,Julieta.Lamoree@yopmail.com,Julieta.Lamoree@gmail.com,firefighter
1086,Riannon,Bertold,Riannon.Bertold@yopmail.com,Riannon.Bertold@gmail.com,worker
1087,Sindee,Briney,Sindee.Briney@yopmail.com,Sindee.Briney@gmail.com,developer
1088,Millie,Blisse,Millie.Blisse@yopmail.com,Millie.Blisse@gmail.com,doctor
1089,Arlena,Arne,Arlena.Arne@yopmail.com,Arlena.Arne@gmail.com,police officer
1090,Lynnea,Goerke,Lynnea.Goerke@yopmail.com,Lynnea.Goerke@gmail.com,firefighter
1091,Cassondra,Therine,Cassondra.Therine@yopmail.com,Cassondra.Therine@gmail.com,doctor
1092,Annaliese,Forrer,Annaliese.Forrer@yopmail.com,Annaliese.Forrer@gmail.com,police officer
1093,Emelina,Gilbertson,Emelina.Gilbertson@yopmail.com,Emelina.Gilbertson@gmail.com,developer
1094,Marjie,Hirsch,Marjie.Hirsch@yopmail.com,Marjie.Hirsch@gmail.com,developer
1095,Lucy,Kimmie,Lucy.Kimmie@yopmail.com,Lucy.Kimmie@gmail.com,worker
1096,Vevay,Jenness,Vevay.Jenness@yopmail.com,Vevay.Jenness@gmail.com,firefighter
1097,Brooks,Sholley,Brooks.Sholley@yopmail.com,Brooks.Sholley@gmail.com,police officer
1098,Fina,Israeli,Fina.Israeli@yopmail.com,Fina.Israeli@gmail.com,police officer
1099,Alameda,Kesley,Alameda.Kesley@yopmail.com,Alameda.Kesley@gmail.com,police officer